fa_jahr;gnr;gname;mwb_bj3_bj5;mStf;ordSt;nachSt;persSt;grstSt;handSt;erbSt;motfSt;konz;nve_mit;korr;rp_total;rp_pEinw;ri;MA;fehlRess;hFA_absch;bs_ra_proz;bs_ra_fr;ra
2020;1001;Doppleschwand;760.5;2.4;1025020.1284;0;9733.3333333;59641.6;27484.483333;16125.583333;26125.333333;15672.078333;43084.32;0;1222886.8601;1608.0037608;48.208043835;86.4;968810;0;0;0;968810
2020;1002;Entlebuch;3345.3333333;2.2329740138;5970576.6048;63723.083333;46400;131258.75;95533.866667;109534.01667;160264.66667;84640.586667;0;0;6661931.5748;1991.410395;59.702596448;86.4;2979038;0;0;0;2979038
2020;1010;Escholzmatt-Marbach;4341.5;2.1652470069;6731908.0899;16064.75;60033.333333;185353.2;142821.65;83097.08;263220.33333;148274.72167;81630.541667;0;7712403.6999;1776.4375676;53.257698906;86.4;4799434;0;1.17;168865;4968299
2020;1004;Flühli;1912.3333333;2.195871619;2942021.5974;16476.883333;23251.116667;269489.65;150256.18333;8953.3666667;219523.33333;106995.10333;233456.22667;0;3970423.4608;2076.219345;62.245173573;86.4;1540760;0;0;0;1540760
2020;1005;Hasle;1753;2.464451591;2457936.6348;12722.833333;24716.666667;116075.26667;58952.25;19770.833333;101922.33333;50973.06;40098.443333;0;2883168.3215;1644.7052604;49.308356873;86.4;2168830;0;0;0;2168830
2020;1007;Romoos;669.83333333;2.1310722451;723464.63648;57.933333333;9233.3333333;23893.566667;11788.15;1301.55;76201.333333;26374.573333;45801.136667;0;918116.21315;1370.6636673;41.092574388;86.4;1012287;0;0;0;1012287
2020;1008;Schüpfheim;4162.6666667;2.2317012596;7249773.7984;45799.65;57950;287702.91667;210367.38333;56864.533333;144208.33333;107119.66;115765.41333;0;8275551.6884;1988.0409245;59.601579531;86.4;3720903;0;0;0;3720903
2020;1009;Werthenstein;2053;2.4;3852169.2966;11075.05;27325;292730.58333;218848.13333;19752.716667;65720.666667;77751.421667;102327.49;0;4667700.3583;2273.5997849;68.162650341;86.4;1248873;0;0;0;1248873
2020;1021;Aesch;1119;2.0958045247;3186599.1218;18389.516667;17130.733333;153868;102908.51667;13917.533333;30361.333333;30505.805;6939.1833333;0;3560619.7434;3181.9658118;95.395515284;86.4;0;99014;0;0;0
2020;1022;Altwis;417;2.6;838133.13085;68132.466667;5099.55;10894.2;4832.5;2454.8333333;12842;10514.518333;30007.77;0;982910.96919;2357.1006455;70.666010874;86.4;218848;0;0;0;218848
2020;1023;Ballwil;2753.1666667;1.6;6963617.78;4912.1666667;37914.183333;222546.58333;183893.31667;16704.583333;66556.333333;65073.545;985321.72333;0;8546540.215;3104.2582051;93.065836833;86.4;0;180520;0;0;0
2020;1024;Emmen;29979.333333;2.05;64831739.461;251585.9;416608.33333;2053389.6167;1444438.7333;563420.15;599859.66667;761388.255;0;418764;71341194.116;2379.6791384;71.342915369;86.4;15056721;0;0;0;15056721
2020;1025;Ermensee;923.83333333;2.2;2110914.4713;1586.75;12525;115922.7;97604.483333;5846.3333333;26702.666667;23117.673333;4574.7666667;0;2398794.8446;2596.5666729;77.845215938;86.4;263615;0;0;0;263615
2020;1026;Eschenbach;3644.5;1.5;9976678.1624;176743.2;51208.333333;272806.48333;166927.23333;8261.6666667;91754;80728.023333;2454694.4633;0;13279801.566;3643.792445;109.24110391;86.4;0;663259;0;0;0
2020;1030;Hitzkirch;5159;2.2318956358;12836835.591;76112.916667;69095.95;408703.3;289281.33333;103695.71667;145499.33333;143111.735;0;0;14072335.876;2727.7255042;81.777365132;86.4;795468;0;2.93;504944;1300412
2020;1031;Hochdorf;9718.5;2.1;22358630.338;70298.5;135966.66667;831440.88333;547165.36667;61087.716667;199896.66667;167497.79833;148502.51;0;24520486.446;2523.0731539;75.641876076;86.4;3487413;0;0;0;3487413
2020;1032;Hohenrain;2515.8333333;2.2174838482;5597489.975;5474.0666667;33491.666667;91957.1;47685.333333;2909.2333333;87924;62286.126667;0;0;5929217.5017;2356.7608486;70.655823744;86.4;1321202;0;0.24;20247;1341449
2020;1033;Inwil;2449.6666667;1.9;6191829.4903;6528.95;32769.5;521331.98333;187515.1;527.66666667;63834.333333;74474.231667;83261.166667;823.975;7162896.397;2924.0290095;87.66255534;86.4;0;30423;0;0;0
2020;1037;Rain;2617.1666667;1.9;6959275.6754;11231.366667;34850;305045.3;187007.18333;38991.533333;64862.333333;53602.933333;0;0;7654866.3254;2924.8677292;87.687700205;86.4;0;33150;0;0;0
2020;1039;Römerswil;1729.3333333;2.15;3547775.4411;2217.5666667;23433.333333;86766.783333;105321.06667;6703.6833333;61911.666667;39712.776667;10827.53;0;3884669.8477;2246.3395419;67.345386711;86.4;1099123;0;0;0;1099123
2020;1040;Rothenburg;7391.8333333;1.9;20761896.29;43725.75;101945;895751.86667;516561.53333;229688.55;166115;185440.125;1406294.4;0;24307418.515;3288.4153929;98.586879754;86.4;0;880435;0;0;0
2020;1041;Schongau;1018.6666667;2.0661083099;2246743.0598;16729.283333;13875;126541.66667;48440.05;3760.95;40304;31140.203333;0;0;2527534.2132;2481.2181412;74.387060424;86.4;408177;0;0;0;408177
2020;1051;Adligenswil;5348.6666667;2.1;16422732.839;109792.91667;73216.666667;740782.76667;295678.75;14531.55;114385;118399.16667;1249300.3733;0;19138820.029;3578.2413117;107.27587722;86.4;0;911362;0;0;0
2020;1052;Buchrain;6154.1666667;2;15557007.981;43172.2;81800;735981.18333;204271.8;30714.25;125918.66667;114595.855;0;0;16893461.936;2745.0445935;82.296592409;86.4;842328;0;0;0;842328
2020;1053;Dierikon;1463.5;1.95;4996362.4657;4768.1166667;20528.783333;61922.533333;223656.86667;1763.8333333;32455.666667;47526.83;676569.38;-158600.6;5906953.8757;4036.1830377;121.0049961;86.4;0;367950;0;0;0
2020;1054;Ebikon;13191.666667;1.9;35613599.401;97845.7;190575;973197.23333;1135248.7167;124387;264316;274546.22667;1350095.0467;-297242.6167;39726567.708;3011.4896557;90.284630466;86.4;0;504067;0;0;0
2020;1055;Gisikon;1236.1666667;1.7;4099383.1309;5653.6;17891.666667;55572.633333;237634.6;150.53333333;24350.333333;24592.398333;217547.89333;0;4682776.7892;3788.1435534;113.56875831;86.4;0;256542;0;0;0
2020;1056;Greppen;1047.5;1.9328887364;3081783.8192;12753.55;13858.333333;561170.98333;143844.48333;2184240.4167;28785.333333;24991.816667;0;0;6051428.7358;5777.0202729;173.19539503;86.4;0;586013;0;0;0
2020;1057;Honau;376.33333333;1.7881969904;1222010.0626;0;5538.3333333;37201.25;18611.7;0;9323;9224.125;70099.27;0;1372007.741;3645.7247324;109.29903399;86.4;0;68617;0;0;0
2020;1058;Horw;13845.333333;1.55;54864219.403;362966.95;200566.66667;2767265.3167;1002542.1833;231588.96667;299009.33333;271225.12333;605288.25667;0;60604672.199;4377.2634967;131.23060759;86.4;0;4316538;0;0;0
2020;1059;Kriens;27089.666667;2;70333316.772;171936.38333;389850;3287631.35;1855115.6667;706415.16667;565011.66667;582771.56;1677461.43;0;79569509.995;2937.2642703;88.059349209;86.4;0;442161;0;0;0
2020;1061;Luzern;81372;1.85;301960705.37;1675051.3833;1253520;10559508.567;5515781.5167;8806067.3067;1616350.3333;3065380.8;29972447.543;0;364424812.82;4478.5038197;134.2657982;86.4;0;14202458;0.77;2083695;2083695
2020;1062;Malters;7057.6666667;2.05;15682656.064;27499.316667;101641.66667;533180.26667;439799.06667;54743.366667;181922;162983.275;846456.90667;0;18030881.929;2554.7936422;76.592858112;86.4;2308719;0;0;0;2308719
2020;1063;Meggen;6937.1666667;0.963293236;61297771.776;775795.55;104668.33333;3160767.8833;1554720.6333;738569.03333;154494.66667;164187.53833;0;0;67950975.415;9795.2058354;293.66082581;86.4;0;8813058;0;0;0
2020;1064;Meierskappel;1361;2.1804990922;3861494.3768;13914.566667;17716.666667;625419.23333;124643.8;1658.5666667;41650.333333;36228.406667;165745.68;0;4888471.6301;3591.8233873;107.68306861;86.4;0;235172;0;0;0
2020;1065;Root;4779.1666667;1.8952554429;14031790.148;21664.916667;63241.666667;739936.8;599991.76667;96405.45;105048.66667;478407.51167;2592060.24;0;18728547.166;3918.7892937;117.48552501;86.4;0;1102299;0;0;0
2020;1066;Schwarzenberg;1703.6666667;2.2;3333631.1284;10632.366667;23891.666667;127295.98333;84033.166667;12428.7;99099;46875.7;8792.4966667;0;3746680.2084;2199.1861916;65.931726599;86.4;1163144;0;0;0;1163144
2020;1067;Udligenswil;2277.8333333;1.95;7201461.3476;42002.816667;30550;220614.2;125323.75;13921.266667;53749;44326.426667;0;0;7731948.8076;3394.4313196;101.76524324;86.4;0;314039;0;0;0
2020;1068;Vitznau;1328.3333333;1.4628106894;7063286.4718;12448.216667;18750;593317.25;258071.7;146235.7;44739;62871.183333;0;0;8199719.5218;6172.9381594;185.06503569;86.4;0;836176;0;0;0
2020;1069;Weggis;4363.5;1.55;22418806.637;309442.48333;62708.333333;1314886.8667;725982.88333;583855.05;125785;157206.625;14284.366667;0;25712958.246;5892.7370793;176.66459144;86.4;0;2530456;0;0;0
2020;1081;Beromünster;6439.3333333;1.95;13946132.369;54788.016667;86760;426256.15;346288.21667;64959.55;192983.33333;164976.965;328685.03333;0;15611829.634;2424.4481262;72.685092158;86.4;2945787;0;2.1;451997;3397784
2020;1082;Büron;2363.1666667;2.363559598;4938823.3226;19575.533333;31425;149318.81667;299778.41667;30010.916667;53590.333333;63531.241667;246173.27333;281.45833333;5832508.3126;2468.0901245;73.993481741;86.4;977939;0;0;0;977939
2020;1083;Buttisholz;3260.5;2.1663568792;6940238.9288;77130.75;42225;111494.28333;77190.5;33869.683333;90867.666667;95988.2;375406.36;0;7844411.3721;2405.8921552;72.128783098;86.4;1552075;0;0;0;1552075
2020;1084;Eich;1670.5;1.5;7261161.3808;71026.883333;25298.333333;382857.71667;132991.66667;183474.93333;47954.333333;41848.875;27680.37;0;8174294.4924;4893.3220547;146.70207239;86.4;0;673344;0;0;0
2020;1085;Geuensee;2859.8333333;2.3;6597792.399;11838.483333;36783.333333;242292.88333;283100.7;10643.566667;64324.333333;48217.9;0;1052.825;7296046.424;2551.2138553;76.485535899;86.4;945753;0;0;0;945753
2020;1086;Grosswangen;3156.8333333;2.080089374;6341313.1553;20799.15;42428.333333;158662.26667;127936.18333;107762.95;93080.666667;79263.57;156966.45333;0;7128212.7286;2258.0263118;67.695756736;86.4;1969515;0;0;0;1969515
2020;1088;Hildisrieden;2172.3333333;1.8150917692;6347498.5514;23822.583333;30138.333333;400410.91667;249633.61667;74157.383333;52199.666667;44419.783333;10613.273333;0;7232894.1081;3329.5507633;99.820120489;86.4;0;274556;0;0;0
2020;1089;Knutwil;2149.6666667;2.15;5473797.7527;10228.766667;29108.333333;348743.9;129565.61667;44805.583333;57282.333333;48177.183333;37445.783333;0;6179155.2527;2874.4713534;86.176814002;86.4;16003;0;0;0;16003
2020;1091;Mauensee;1373.1666667;2.1;4468711.6207;11930.533333;20683.333333;112690.35;131748;0;37019;30404.133333;0;379.66666667;4813566.6373;3505.4496691;105.09357965;86.4;0;216289;0;0;0
2020;1093;Neuenkirch;6799;2.0494540811;16096268.076;42927.55;94641.666667;719806.11667;654380.26667;58084.883333;170928.66667;147429.825;2760.29;0;17987227.341;2645.5695457;79.314324842;86.4;1606918;0;0;0;1606918
2020;1094;Nottwil;3667.6666667;2.0329583719;9225296.7066;26060.983333;50333.333333;316931;233735.83333;98019.55;93244.666667;85225.725;0;0;10128847.798;2761.6598559;82.794718918;86.4;441059;0;0;0;441059
2020;1095;Oberkirch;4440.8333333;1.65;13658780.483;25096.45;64058.333333;481017.23333;568105.75;35961.516667;99299.666667;90788.116667;0;0;15023107.55;3382.9478439;101.42096799;86.4;0;603223;0;0;0
2020;1097;Rickenbach;3208;2.25;7185342.4475;34036.016667;42741.666667;372491.86667;182168.48333;48404.983333;80504;92788.981667;16404.123333;0;8054882.5692;2510.8736188;75.276133324;86.4;1190303;0;1.51;162051;1352354
2020;1098;Ruswil;6861.3333333;2.2;14772114.972;84334.233333;94241.666667;504413.83333;378265.3;35858.633333;207440.66667;156353.43833;382767.21333;4654.6666667;16620444.624;2422.3345254;72.621726287;86.4;3153341;0;0;0;3153341
2020;1099;Schenkon;2786.5;1.2333727161;13379691.452;49668.633333;41208.333333;675027.51667;315064.36667;31867.066667;65761.333333;65475.283333;171583.18;0;14795347.166;5309.6526703;159.18368783;86.4;0;1328447;0;0;0
2020;1100;Schlierbach;831.33333333;1.75;1674316.7867;663.95;10900;70933.566667;64129.733333;1501.95;27602.666667;16030.583333;0;1735.925;1867815.1617;2246.7704431;67.358305156;86.4;528018;0;0;0;528018
2020;1102;Sempach;4138.1666667;2.0481801974;13773052.637;243096.48333;56033.333333;364226.95;196875.41667;269186.25;99265;87207.425;0;0;15088943.495;3646.2870422;109.31589207;86.4;0;754928;0;0;0
2020;1103;Sursee;9585.3333333;1.85;30920263.748;70526.733333;145741.66667;1582345.7333;914224.61667;226820.16667;190659.33333;303986.28333;525332.67667;0;34879900.958;3638.8824202;109.09390108;86.4;0;1429728;0;0;0
2020;1104;Triengen;4551.6666667;1.7937653073;10912115.817;61907.433333;60791.666667;369659.16667;202198.95;81494.916667;123531;135502.025;485703.17667;0;12432904.152;2731.5058555;81.890700276;86.4;684616;0;2.51;381135;1065751
2020;1107;Wolhusen;4317.5;2.4654135659;8867668.0867;48340.483333;56641.666667;237380.6;204010.65;36899.65;106413.66667;95005.22;30174.393333;0;9682534.4167;2242.6252268;67.234031335;86.4;2760137;0;0;0;2760137
2020;1121;Alberswil;651;2.15;1269820.9959;285.85;9433.3333333;24871.066667;29819.2;271.76666667;18277;24519.3;27060.723333;0;1404359.2359;2157.2338493;64.673993002;86.4;471768;0;0;0;471768
2020;1122;Altbüron;999.5;2.4;2392074.7011;5041.3333333;13850;22868.883333;20865.666667;2912.7;30305.666667;23396.075;0;0;2511315.0261;2512.5713117;75.327030254;86.4;369160;0;0;0;369160
2020;1123;Altishofen;1956;1.8603906756;5383217.3082;38484.45;25816.666667;26648.25;39527.233333;9566.8;61878.333333;70235.375;247524.28333;0;5902898.6999;3017.8418711;90.475070245;86.4;0;78405;0;376510;376510
2020;1125;Dagmersellen;5254.8333333;1.95;14098727.66;77272.216667;74400;715402.93333;393848.15;173004.48333;139640;198766.51667;302996.01833;0;16174057.978;3077.9392898;92.276794261;86.4;0;303765;0;0;0
2020;1127;Egolzwil;1428.1666667;2.0673092145;3668423.5465;1383.2166667;21341.666667;321520.65;110171.51667;21173.483333;33715;33554.858333;95501.283333;0;4306785.2215;3015.6040762;90.407981026;86.4;0;56305;0;0;0
2020;1128;Ettiswil;2664.5;2.15;5188728.964;44983.233333;36608.333333;122729.43333;125523.73333;20816.25;71351;53142.755;62063.456667;0;5725947.159;2148.9762278;64.426429041;86.4;1952918;0;0;0;1952918
2020;1129;Fischbach;714.83333333;2.4;1166868.8124;943.38333333;9775;45052.033333;44701.233333;18406.333333;27438.666667;14606.606667;85680.34;0;1413472.4091;1977.3454079;59.280927337;86.4;646617;0;0;0;646617
2020;1130;Gettnau;1126.5;2.4;1824821.4527;67051.9;14116.666667;106950.15;61126.583333;5921.1333333;31356.333333;40710.213333;60695.386667;0;2212749.8194;1964.269702;58.888916935;86.4;1033728;0;0;0;1033728
2020;1131;Grossdietwil;839.83333333;2.3646987917;1642114.0364;1110.4166667;11750;66097.233333;58652.666667;19101.216667;33275;25995.455;35643.536667;0;1893739.5614;2254.8992595;67.602007531;86.4;526589;0;0;0;526589
2020;1132;Hergiswil;1888.5;2.2;2587970.7985;7871.6333333;25066.666667;18164.466667;31386.666667;11364.833333;89055;34715.716667;43921.71;0;2849517.4918;1508.8787354;45.236269959;86.4;2592981;0;0;0;2592981
2020;1135;Luthern;1290.3333333;2.4;1552283.0884;2619;17066.666667;67806.683333;30942.383333;46234.2;88895.333333;25017.883333;0;0;1830865.2384;1418.9087355;42.538964267;86.4;1887767;0;0;0;1887767
2020;1136;Menznau;2897;2.6;5249179.3247;44856.983333;38850;117149.9;120634.91667;40906.233333;106907;150688.19833;0;0;5869172.5564;2025.9484143;60.738048224;86.4;2479738;0;0;0;2479738
2020;1137;Nebikon;2582;1.9;6825781.6529;233217.56667;33650;138311.7;167799.8;248673.3;54933.666667;65911.191667;25858.346667;0;7794137.2246;3018.6433867;90.499099729;86.4;0;104108;0;0;0
2020;1139;Pfaffnau;2556;1.9986138267;5854518.7876;5833.6333333;37333.333333;302063.78333;222662.7;58636.316667;76525.333333;66954.168333;100676.2;0;6725204.256;2631.1440751;78.881848416;86.4;640973;0;0;0;640973
2020;1140;Reiden;6983;2.3;15463880.678;176009.23333;96500;703996.26667;408175.53333;67171.583333;178251.66667;179483.33833;0;0;17273468.3;2473.645754;74.160039827;86.4;2850950;0;0;0;2850950
2020;1142;Roggliswil;670.16666667;2.3;1336873.6977;0;10008.333333;51905.866667;34124.483333;14465.15;23069.333333;15408.208333;30544.59;0;1516399.6627;2262.7202129;67.836480156;86.4;414964;0;0;0;414964
2020;1143;Schötz;4234.1666667;2.2981566608;8392893.2415;103411.36667;56741.666667;294072.26667;244874.01667;110918.28333;104938;89456.833333;232948.97;0;9630254.6449;2274.4155823;68.187107995;86.4;2572257;0;0;0;2572257
2020;1145;Ufhusen;890.83333333;2.4;1377956.1895;2358.1666667;12375;48725.366667;30346.4;1530.5666667;37569.666667;4316.1083333;65519.866667;0;1580697.3311;1774.402991;53.196702182;86.4;986609;0;0;0;986609
2020;1146;Wauwil;2049.5;2.15;4562552.8879;3890.3333333;28433.333333;459956.93333;310968.65;70886.133333;42590;37109.316667;0;0;5516387.5879;2691.5772568;80.693638627;86.4;390099;0;0;0;390099
2020;1147;Wikon;1493.5;2.1;3195788.0668;6128.0333333;20592.133333;187419.2;80624.383333;511.08333333;42242;45411.053333;76665.146667;0;3655381.1001;2447.5266823;73.37698858;86.4;648760;0;0;0;648760
2020;1151;Willisau;7725.6666667;2.2;17603076.243;69782.383333;108291.66667;566214.75;226556.91667;104433.95;216313.33333;202142.12;504938.61;0;19601749.973;2537.2244;76.066131236;86.4;2662971;0;0;0;2662971
2020;1150;Zell;2007.8333333;2.1;4501731.3514;686.71666667;27541.666667;461557.21667;183765.8;13799.433333;62004;80671.458333;0;0;5331757.6431;2655.4781986;79.611386816;86.4;454649;0;0;0;454649
2021;1001;Doppleschwand;773;2.4;1091097.3584;0;10050;86899.116667;35642.733333;14273.983333;26934;17028.228333;59221.453333;0;1341146.8734;1734.9894869;50.763554806;86.4;941496;0;0;0;941496
2021;1002;Entlebuch;3332.8333333;2.2160647084;6048139.1394;44159.15;46066.666667;168030.43333;74068.033333;113145.75;164411.66667;83644.336667;131975.18667;0;6873640.3627;2062.401469;60.343207145;86.4;2968106;0;0;0;2968106
2021;1010;Escholzmatt-Marbach;4350;2.112575461;7055065.4422;36012.7;60541.666667;196540.16667;150411;96570.033333;270146.33333;147108.57167;109753.51167;0;8122149.4255;1867.1607875;54.630716601;86.4;4723256;0;1.15;171498;4894754
2021;1004;Flühli;1938.1666667;2.0965315085;3037653.4686;17099.916667;23600;262530.21667;163749.86667;3783.4833333;225913.33333;100072.20333;219170.53667;0;4053573.0252;2091.447085;61.193044409;86.4;1669769;0;0;0;1669769
2021;1005;Hasle;1748;2.4;2562743.79;11033.133333;24816.666667;92522.95;56280.333333;41612.55;104460.66667;50871.735;57985.006667;0;3002326.8317;1717.578279;50.254125317;86.4;2159459;0;0;0;2159459
2021;1007;Romoos;669.33333333;2.1333509491;745772.9718;1541.3;9083.3333333;27474.983333;16213.366667;927.2;78258.666667;26400.498333;43414.093333;0;949086.41347;1417.957789;41.487616195;86.4;1027433;0;0;0;1027433
2021;1008;Schüpfheim;4185.1666667;2.1818279746;7488239.5313;29949.3;58316.666667;185697.26667;219039.73333;49184.116667;148051.66667;106552.47667;145327.22;0;8430357.978;2014.3422352;58.937055944;86.4;3928300;0;0;0;3928300
2021;1009;Werthenstein;2079.3333333;2.4;4240206.2142;10433.466667;27916.666667;192848.68333;192000.36667;17947.5;67566.666667;74541.855;98870.266667;0;4922331.6859;2367.2643568;69.263102066;86.4;1217871;0;0;0;1217871
2021;1021;Aesch;1171;2.029568834;3517674.4079;14035.483333;18045.733333;83643.566667;112190.5;12315.216667;31932.666667;31458.813333;46503.9;0;3867800.2879;3302.9891443;96.641202561;86.4;0;123346;0;0;0
2021;1023;Ballwil;2778.6666667;1.6;6981816.2143;5270.0833333;38208.333333;183060.53333;119122.73333;17218.483333;68953.333333;64196.941667;1092888.56;0;8570735.216;3084.4776449;90.2478379;86.4;0;109969;0;0;0
2021;1024;Emmen;30412;2.1162813499;65301759.159;358457.21667;420908.33333;2217475.7667;1371692.9167;499943.43333;619845;747208;0;418764;71956053.825;2366.041491;69.227322591;86.4;17849572;0;0;0;17849572
2021;1025;Ermensee;960;2.2;2213126.6611;2070.15;13175;167205.78333;95167.266667;5846.3333333;27938.666667;22428.723333;0;0;2546958.5844;2653.0818587;77.625753559;86.4;287890;0;0;0;287890
2021;1026;Eschenbach;3631.1666667;1.5;10217339.776;265911.11667;51275;282652.13333;192598.56667;9647.3333333;94056.333333;77658.265;2345245.01;0;13536383.534;3727.8331669;109.07159075;86.4;0;682876;0;0;0
2021;1030;Hitzkirch;5633.5;2.1552707762;14097330.191;121311.35;75685;357715.85;408848.48333;61067.1;163107.33333;150032.58667;0;0;15435097.895;2739.8771447;80.165271689;86.4;1200441;0;1.95;375358;1575799
2021;1031;Hochdorf;9810.5;2.1;23280996.945;49745.716667;136050;845675.9;571626.56667;322046.05;207385.66667;162044.905;242705.40333;0;25818277.153;2631.6984;77.000101134;86.4;3151804;0;0;0;3151804
2021;1032;Hohenrain;2494;2.2178458286;5641384.7226;9184.8166667;32975;67634.416667;37624.95;0;90048;57613.676667;0;0;5936465.5826;2380.2989505;69.644477468;86.4;1428234;0;0;0;1428234
2021;1033;Inwil;2503.1666667;1.9;6519132.8661;26034.066667;33450;496131.33333;185545.08333;454.33333333;65735.333333;74113.373333;198951.28667;823.975;7600371.6511;3036.302677;88.838300471;86.4;0;62776;0;0;0
2021;1037;Rain;2701;1.9;7293093.8742;20420.383333;35916.666667;237744.36667;148808.56667;66462.8;67455;60816.758333;9960.74;0;7940679.1559;2939.9034268;86.017782734;86.4;35284;0;0;0;35284
2021;1039;Römerswil;1759.8333333;2.15;3645519.7379;16879.166667;23816.666667;105905.88333;97707.266667;18662.233333;64013.666667;40150.076667;12569.326667;0;4025224.0246;2287.2757029;66.922737214;86.4;1171505;0;0;0;1171505
2021;1040;Rothenburg;7492.6666667;1.9;21324875.937;42755.283333;103305;733216.88333;708748.55;101133.01667;171092.66667;190356.475;895858.40333;1163.225;24272505.44;3239.5015713;94.783638055;86.4;0;646078;0;0;0
2021;1041;Schongau;1029.8333333;2.132169234;2279199.6757;3557.3;14133.333333;116837.6;63041.433333;21011.9;41528.666667;31465.761667;83168.38;0;2653944.0507;2577.0617097;75.40150204;86.4;387120;0;0;0;387120
2021;1051;Adligenswil;5354.8333333;2.1;16562662.703;106663.71667;73600;1110497.6;334905.46667;74364.5;116419;114106.65833;1260362.6367;0;19753582.281;3688.925696;107.93320833;86.4;0;969410;0;0;0
2021;1052;Buchrain;6165;2;16000429.688;46732.416667;83050;657190.73333;389286.9;288804.05;128304.66667;117463.27167;0;0;17711261.726;2872.8729483;84.056557379;86.4;493779;0;0;0;493779
2021;1053;Dierikon;1480.1666667;1.9325709896;5127667.8077;4027.0166667;20729.033333;257738.48333;172133.81667;241.93333333;33365.666667;47660.063333;686307.96667;0;6349871.7877;4289.9708058;125.51901309;86.4;0;428596;0;0;0
2021;1054;Ebikon;13401.833333;1.9;36224277.054;114156.26667;192850;1019201.7667;934840.23333;202308.48667;274016;261048.90167;1392208.8133;0;40614907.522;3030.5486206;88.6699442;86.4;0;312893;0;0;0
2021;1055;Gisikon;1302;1.7;4344575.3243;-1006.5;18783.333333;41182.816667;255981.63333;0;25984.666667;25053.048333;189469.46333;0;4900023.7859;3763.459129;110.11396045;86.4;0;253229;0;0;0
2021;1056;Greppen;1068;1.9332619907;3139381.5057;12794.066667;14350;313494.86667;155979.61667;2184240.4167;29566.666667;24038.75;0;0;5873845.889;5499.8557013;160.91868476;86.4;0;542562;0;0;0
2021;1057;Honau;380.5;1.8508331803;1288943.5555;0;5603.3333333;28737.816667;35998.133333;0;9505.6666667;9220.8083333;71908.833333;0;1449918.1472;3810.5601766;111.49207636;86.4;0;77240;0;0;0
2021;1058;Horw;13915.833333;1.55;64832373.987;337493.83333;202791.66667;2868835.1333;1352450.2333;385876.98333;305449.66667;264261.615;562785.57;0;71112318.688;5110.1732095;149.51707762;86.4;0;6090342;0;0;0
2021;1059;Kriens;27117.333333;2;71834314.698;196267.81667;390050;3273007.1333;1536669.5;531125.88333;575501;570568.62667;2936419.3133;0;81843923.971;3018.1405732;88.306900736;86.4;0;531853;0;0;0
2021;1061;Luzern;81495.333333;1.85;306932626.96;1678808.65;1249627;10818175.017;5433506.3;10494726.86;1650984.3333;3413033.275;30722027.503;0;372393515.9;4569.5072425;133.69788871;86.4;0;14670573;0.58;1603431;1603431
2021;1062;Malters;7164;2.05;15992841.876;25426.55;103758.33333;443338.81667;495100.11667;47065.45;187385.33333;162284.15;166816.99667;0;17624017.623;2460.0806285;71.978786472;86.4;3531036;0;0;0;3531036
2021;1063;Meggen;7061.8333333;0.9488997196;61794256.879;829701.86667;106358.33333;3469367.5833;1354681.3667;985367.96667;159514.66667;165652.955;0;0;68864901.618;9751.7030447;285.32225451;86.4;0;9009010;0;0;0
2021;1064;Meierskappel;1382;2.1878629435;4288815.9387;18220.45;18400;320226.01667;244520.78333;6240.9333333;42624;35370.898333;45340.22;0;5019759.2403;3632.2425762;106.27473335;86.4;0;236045;0;0;0
2021;1065;Root;4876.1666667;1.847440453;14799996.206;19932.55;65083.333333;664321.18333;566252.76667;76053.416667;108239.33333;458057.50333;2604862.7533;0;19362799.046;3970.9059123;116.18358579;86.4;0;1131022;0;0;0
2021;1066;Schwarzenberg;1705.1666667;2.2;3399559.8523;10275.716667;23633.333333;148455.9;98743.366667;11047.783333;101737.33333;47532.441667;17736.04;0;3858721.7673;2262.9587141;66.21125348;86.4;1176579;0;0;0;1176579
2021;1067;Udligenswil;2281;1.95;7437068.8562;38686.7;31091.666667;439077.43333;146015.68333;25402.333333;55245.666667;43134.485;97959.136667;0;8313681.9612;3644.7531614;106.64077694;86.4;0;394747;0;0;0
2021;1068;Vitznau;1356.5;1.406916991;7376332.1779;12405.55;19191.666667;462267.83333;281113.46667;269767.15;46410.333333;61719.266667;0;0;8529207.4446;6287.6575338;183.96875037;86.4;0;882081;0;0;0
2021;1069;Weggis;4378.1666667;1.5119163737;24339771.773;205468.01667;62816.666667;1399256.1333;691221.5;141068.16667;129132.33333;153064.475;76771.11;0;27198570.175;6212.3195039;181.76445678;86.4;0;2787402;0;0;0
2021;1081;Beromünster;6502.5;1.95;14489154.838;49779.733333;87310;387361.85;337133.26667;139419.2;199334.66667;162599.23167;363755.27333;0;16215848.06;2493.7867067;72.964982849;86.4;2985819;0;1.67;370703;3356522
2021;1082;Büron;2418.3333333;2.32982557;5270768.2657;18002.3;32433.333333;199287.7;284729.35;22449.866667;55417.333333;62450.7;168295.37;0;6113834.219;2528.1189052;73.9694987;86.4;1027424;0;0;0;1027424
2021;1083;Buttisholz;3269.6666667;2.1315546279;7162094.1349;77853.833333;42650;164052.36667;80874.05;28009.65;92681.666667;99286.858333;409052.56;0;8156555.1199;2494.6136568;72.989178344;86.4;1498662;0;0;0;1498662
2021;1084;Eich;1648.3333333;1.4681613479;7157699.9563;5346.7833333;25426.666667;472916.7;126631.7;2890;48622.666667;41939.841667;14404.286667;0;7895878.6013;4790.2195761;140.15564694;86.4;0;626177;0;0;0
2021;1085;Geuensee;2903.1666667;2.3;6559910.7491;21547.133333;37091.666667;283701.88333;237960.56667;8463.2333333;67031.333333;53033.833333;0;1052.825;7269793.2241;2504.0908976;73.266470186;86.4;1303162;0;0;0;1303162
2021;1086;Grosswangen;3205.1666667;2.0141148792;6629951.8182;14648.183333;42945;232766.05;126871.63333;70347.883333;95891.333333;78167.636667;117250.21;0;7408839.7482;2311.5302631;67.632394363;86.4;2055911;0;0;0;2055911
2021;1088;Hildisrieden;2241.6666667;1.781104293;6971958.8126;11660.9;31375;284902.55;224665.25;26517.116667;54632;44214.491667;20740.253333;0;7670666.3742;3421.8586056;100.1191697;86.4;0;297722;0;0;0
2021;1089;Knutwil;2173.6666667;2.15;5586486.6416;10580.633333;29941.666667;324833.55;162811.61667;38263.266667;58886.333333;48843.758333;42319.946667;0;6302967.4133;2899.693642;84.841296288;86.4;115798;0;0;0;115798
2021;1091;Mauensee;1431.3333333;2.1;5352556.4386;12662.433333;21333.333333;110777.46667;116254.13333;0;39359;31124.15;0;379.66666667;5684446.6219;3971.4345286;116.19905242;86.4;0;332133;0;0;0
2021;1093;Neuenkirch;6972.1666667;1.9823062653;16498954.843;59966.566667;97291.666667;676227.53333;491855.93333;67038.133333;178357.33333;145999.45;182773.7;0;18398465.16;2638.844715;77.209193094;86.4;2190111;0;0;0;2190111
2021;1094;Nottwil;3770.5;1.997093463;9701345.9539;24433.983333;51433.333333;313921.66667;230238.56667;105663.41667;97371;83046.866667;0;0;10607454.787;2813.2753712;82.312809136;86.4;526707;0;0;0;526707
2021;1095;Oberkirch;4608.8333333;1.65;14357818.608;32177.05;65616.666667;599535.13333;468851.46667;14735.133333;105703;97450.583333;0;0;15741887.641;3415.5905633;99.935774863;86.4;0;606896;0;0;0
2021;1097;Rickenbach;3260.6666667;2.25;7329808.5163;24298.083333;43550;364569.21667;182031.78333;114416.2;83199.333333;90775.623333;31645.05;0;8264293.8063;2534.5411387;74.157404971;86.4;1364347;0;1.5;166966;1531313
2021;1098;Ruswil;6889.8333333;2.1312710377;15422015.317;80664.683333;95058.333333;542838.08333;492122.88333;29622.883333;212631.33333;155881.43833;433243.85;4654.6666667;17468733.472;2535.436291;74.183595971;86.4;2876716;0;0;0;2876716
2021;1099;Schenkon;2840.3333333;1.2336186952;13514829.032;51387.233333;41750;694474.36667;289722.58333;334981.96667;67758.333333;65594.266667;337540.16667;0;15398037.949;5421.208056;158.61755609;86.4;0;1402603;0;0;0
2021;1100;Schlierbach;857.83333333;1.75;1811640.4003;2358.9166667;11291.666667;-43184.43333;70242.283333;10134.916667;28713.666667;17722.95;0;1735.925;1910656.292;2227.3047896;65.168065632;86.4;622497;0;0;0;622497
2021;1102;Sempach;4132.6666667;2.0159803263;14375119.773;102958.91667;56633.333333;492287.8;207760.58333;46162.766667;100997.66667;97821.983333;0;0;15479742.823;3745.7032158;109.59444533;86.4;0;790522;0;0;0
2021;1103;Sursee;9747.8333333;1.85;32372355.591;87285.316667;147375;1669641.5167;1139511;212430.01667;197379.33333;308470.91667;1335640.9533;0;37470089.644;3843.9403263;112.46873649;86.4;0;1677967;0;0;0
2021;1104;Triengen;4606.8333333;1.7154923982;11330257.232;67020.016667;61950;343688.2;209115.46667;106817.65333;127236;147942.30833;553092.33;0;12947119.207;2810.4162382;82.229154592;86.4;656707;0;1.73;273103;929810
2021;1107;Wolhusen;4334.5;2.4;9096650.6649;39518.05;56650;259091.25;205015.91667;37720.883333;109065.33333;87630.986667;162198.17;0;10053541.255;2319.4235217;67.863340931;86.4;2746093;0;0;0;2746093
2021;1121;Alberswil;654;2.15;1316640.9472;3797.2833333;9458.3333333;14942.2;23247.783333;0;18851;24797.741667;13856.836667;0;1425592.1256;2179.8044734;63.77826764;86.4;505648;0;0;0;505648
2021;1122;Altbüron;1011.1666667;2.3638779828;2502820.4124;5041.3333333;13916.666667;30390.85;19504.083333;2912.7;31255;22939.633333;0;0;2628780.679;2599.7501359;76.065336128;86.4;357161;0;0;0;357161
2021;1123;Altishofen;1952.1666667;1.8629901259;5716142.8895;37810.166667;25593.333333;50242.816667;46942.566667;1526.3666667;63096.333333;71305.275;246957.16667;0;6259616.9145;3206.4971815;93.817972175;86.4;0;148942;0;376510;376510
2021;1125;Dagmersellen;5341.6666667;1.95;14198594.588;71573.583333;75650;528290.31667;401694.63333;209718.43333;144040;203963.5;448842.47833;0;16282367.533;3048.1811295;89.18584867;86.4;0;153056;0;0;0
2021;1127;Egolzwil;1453.5;2.0335296098;3919253.1037;169.43333333;21475;283130.18333;117165.8;22276.383333;35129.333333;33375.191667;3459.56;0;4435433.9887;3051.5541718;89.284539538;86.4;0;43123;0;0;0
2021;1128;Ettiswil;2702.3333333;2.15;5229089.9953;3246.4;36925;108352.08333;112342.68333;20994.783333;73879.333333;54030.696667;19783.866667;0;5658644.842;2093.9847695;61.267293783;86.4;2321256;0;0;0;2321256
2021;1129;Fischbach;707.83333333;2.4;1213107.9368;0;9858.3333333;40631.883333;52878.4;10683.716667;27960.333333;14161.331667;55700.32;0;1424982.2552;2013.160709;58.902486011;86.4;665226;0;0;0;665226
2021;1131;Grossdietwil;848.5;2.3306275228;1746978.4278;144.55;11950;56404.016667;38955.216667;9554.7166667;34152.666667;26254.85;3141.23;0;1927535.6744;2271.6979074;66.466951006;86.4;578057;0;0;0;578057
2021;1132;Hergiswil;1899.3333333;2.2;2711009.1771;8792.7666667;25366.666667;43157.016667;40999.266667;38507.116667;91460.333333;37122.258333;73508.983333;0;3069923.5854;1616.316384;47.291332865;86.4;2538745;0;0;0;2538745
2021;1135;Luthern;1286;2.4;1574024.7849;1299.55;17158.333333;54393.533333;23845.833333;7057.9666667;90995.666667;24810.45;1438.4866667;0;1795024.6049;1395.820066;40.839894969;86.4;2002491;0;0;0;2002491
2021;1136;Menznau;2893.5;2.4876295777;5739909.83;49292.516667;39183.333333;149914.33333;139394.31667;19858.733333;109361.33333;153112.69833;0;0;6400027.095;2211.86352;64.716273997;86.4;2144382;0;0;0;2144382
2021;1137;Nebikon;2615;1.9;6893921.3205;233397.16667;33941.666667;210125.81667;104986.85;243840.75;56826.666667;72266.691667;21775.033333;0;7871081.9622;3009.9739817;88.067956801;86.4;0;44861;0;0;0
2021;1139;Pfaffnau;2641.5;1.966082953;6039367.0447;7060.6;37741.666667;237835.85;194193.75;14884.433333;80676.666667;68422.26;80272.646667;0;6760454.9181;2559.3242166;74.882525866;86.4;1039807;0;0;0;1039807
2021;1140;Reiden;7033.3333333;2.3;15896817.983;156154.75;96600;741287.58333;425712.53333;36271.616667;183233;163850.38;0;0;17699927.846;2516.5774189;73.631809697;86.4;3069272;0;0;0;3069272
2021;1142;Roggliswil;684.66666667;2.2668315987;1369832.2378;0;10150;68202.033333;44709.4;6844.75;23885;15396.058333;38136.393333;0;1577155.8728;2303.5382758;67.398559122;86.4;444642;0;0;0;444642
2021;1143;Schötz;4325.8333333;2.2662433708;8788204.9215;94875.816667;58416.666667;315014.26667;250178.73333;58919;109159.66667;89769.991667;301509.48333;0;10066048.547;2326.9617137;68.083898706;86.4;2707994;0;0.18;26170;2734164
2021;1145;Ufhusen;897;2.4;1404454.3773;0;12550;56348.083333;30803.366667;1530.5666667;38652.333333;4296.4416667;86470.24;0;1635105.409;1822.8599877;53.334532335;86.4;1013706;0;0;0;1013706
2021;1146;Wauwil;2139.8333333;2.15;4858368.553;12670.35;29641.666667;258094.43333;265048.33333;67564.633333;45135;37605.541667;0;0;5574128.5113;2604.9358258;76.217062729;86.4;744728;0;0;0;744728
2021;1147;Wikon;1511.3333333;2.2525720598;3460807.8271;10455.633333;20617.133333;200953.16667;74662.7;14591.983333;43550.333333;46542.111667;126651.00667;0;3998831.8954;2645.8967107;77.415525393;86.4;464085;0;0;0;464085
2021;1151;Willisau;8918.8333333;2.2189442098;19819113.267;46192.566667;122058.33333;690387.31667;360193.41667;104666.28333;254869.33333;243660.78333;742049.74333;0;22383191.044;2509.6545935;73.429256754;86.4;3953828;0;0;0;3953828
2021;1150;Zell;2015.5;2.0651630052;4402193.8392;2638.3833333;27908.333333;401753.35;173573.5;19146.716667;63380;81888.116667;0;0;5172482.2392;2566.3518924;75.088146599;86.4;779222;0;0;0;779222
2022;1001;Doppleschwand;782;2.4;1148756.7573;0;10375;65635.116667;32789.566667;15681.833333;27683.666667;16104.875;63956.24;0;1380983.0556;1765.9629868;50.651448068;86.4;974664;0;0;0;974664
2022;1002;Entlebuch;3307.5;2.2;6141340.1565;36769.616667;45975;271766.81667;86059.983333;34599.616667;167484.33333;82331.625;175847.08;-5057.7;7037116.5282;2127.6240448;61.024630539;86.4;2926186;0;0;0;2926186
2022;1010;Escholzmatt-Marbach;4351.5;2.1164393365;7371483.8116;135043.55;61150;209012.8;143620.85;74130;275984.33333;137497.18333;145717.00667;-8959.075;8544680.46;1963.6172492;56.320578557;86.4;4563501;0;1.37;207092;4770593
2022;1004;Flühli;1950;2.1012663245;3176961.2227;21803.716667;23908.333333;229665.18333;142657.83333;7646.0333333;231480.66667;94693.9;249193.94333;0;4178010.8327;2142.5696578;61.453301438;86.4;1696045;0;0;0;1696045
2022;1005;Hasle;1745.6666667;2.4;2678789.6465;7169.8;24966.666667;86676.8;57290.483333;39168.733333;106544.66667;47295.291667;62567.086667;0;3110469.1749;1781.8230904;51.106348439;86.4;2148066;0;0;0;2148066
2022;1007;Romoos;666.33333333;2.2;763930.93508;1483.3666667;9041.6666667;36612.366667;13573.233333;819.26666667;80001;22708.675;52740.76;0;980911.27008;1472.1029566;42.222938429;86.4;1026309;0;0;0;1026309
2022;1008;Schüpfheim;4199;2.2488856826;7640692.7219;25978.8;58350;209216.5;236984.65;67125.9;151271;101280.34167;206675.85;0;8697575.7636;2071.3445496;59.410418944;86.4;3951225;0;0;0;3951225
2022;1009;Werthenstein;2115.6666667;2.3504162631;4435420.3734;2885.75;28625;199069.36667;94348.516667;18572.783333;69327;73260.925;105053.41667;-1398.975;5025164.1567;2375.2154514;68.126060959;86.4;1347936;0;0;0;1347936
2022;1107;Wolhusen;4339.5;2.4;9309696.9258;47191.516667;56350;278543.8;226105.28333;57618.333333;111217.33333;83869.666667;107355.82667;0;10277948.686;2368.4638059;67.932409889;86.4;2794085;0;0;0;2794085
2022;1021;Aesch;1217;1.9649183194;3813368.9596;9985.8;18658.333333;152300.41667;109317.33333;381.88333333;33511.666667;30220.46;97281.913333;-419.175;4264607.5912;3504.1968704;100.50756847;86.4;0;167157;0;0;0
2022;1023;Ballwil;2767.3333333;1.6;6981514.2743;4446.6833333;38266.666667;193920.06667;97388.55;17942;70589.666667;61353.948333;985638.48;-588.8;8450471.536;3053.6514825;87.58500073;86.4;0;34505;0;0;0
2022;1024;Emmen;30748.833333;2.18428677;66039538.23;450649.81667;422516.66667;2218669.9833;1342726.35;593772.65;637639;692463.28333;0;418764;72816739.98;2368.1139115;67.922374199;86.4;19809091;0;0;0;19809091
2022;1025;Ermensee;982;2.2;2275553.8184;1975.7;13350;159002.03333;84128.05;7757.5166667;29144.666667;20249.15;0;0;2591160.9351;2638.6567567;75.68209905;86.4;366953;0;0;0;366953
2022;1026;Eschenbach;3609.1666667;1.5;10521991.759;267624.03333;51500;396503.31667;233766.88333;41739.533333;95367.333333;74443.161667;1999027.52;-1009.7;13680953.841;3790.6129321;108.72256979;86.4;0;682907;0;0;0
2022;1030;Hitzkirch;5707.1666667;2.0888326177;14764519.945;112407.96667;77225;398203.41667;420711.71667;69581.166667;167116.66667;142273.12;0;0;16152038.998;2830.1326983;81.174022597;86.4;1039867;0;1.02;202481;1242348
2022;1031;Hochdorf;9842.3333333;2.1;23307971.245;59120.5;135691.66667;939049.25;567813.23333;338799.96667;212348;162571.24833;163243.93667;0;25886609.047;2630.1292763;75.437513383;86.4;3761810;0;0;0;3761810
2022;1032;Hohenrain;2452;2.25;5722110.6537;10088.1;32558.333333;35132.183333;45062.4;11369.666667;91305.666667;55058.03;0;-2187.3;6000497.7337;2447.1850464;70.190296863;86.4;1385751;0;0;0;1385751
2022;1033;Inwil;2570.6666667;1.9;6896936.5358;87553.266667;34425;475242.55;200819.76667;551.26666667;67916.666667;74489.186667;37843.1;823.975;7876601.3141;3064.0305942;87.882694984;86.4;0;40105;0;0;0
2022;1037;Rain;2774;1.9;7655144.2959;16792;36583.333333;149579.18333;146221.86667;42036.866667;70233.333333;59012.641667;81592.186667;0;8257195.7076;2976.6386833;85.376115364;86.4;99026;0;0;0;99026
2022;1039;Römerswil;1777.8333333;2.15;3819277.8308;14661.6;24133.333333;130161.93333;93283.233333;17196.916667;65823.333333;38298.021667;16009.486667;0;4218845.6892;2373.0265431;68.063278569;86.4;1136586;0;0;0;1136586
2022;1040;Rothenburg;7580.6666667;1.9;21947573.989;79638.366667;104441.66667;481987.65;753852.31667;79157.716667;175806;188008.41667;2441158.6167;0;26251624.739;3462.9704607;99.325110303;86.4;0;984624;0;0;0
2022;1041;Schongau;1036;2.2;2350118.2599;3557.3;14416.666667;141533.76667;96057.433333;18040.233333;42555.333333;32100.405;86057.05;0;2784436.4483;2687.6799694;77.088185546;86.4;336344;0;0;0;336344
2022;1051;Adligenswil;5380;2.1;17253263.839;173456.28333;74316.666667;1238093.9833;395260.21667;69978.933333;118344.33333;107031.44167;0;0;19429745.697;3611.4768954;103.58458008;86.4;0;843461;0;0;0
2022;1052;Buchrain;6211.5;2;16910451.454;39679.7;83775;1052539.4;437037.78333;285179.76667;130457.33333;108695.22;43973.206667;0;19091788.864;3073.6197157;88.1577307;86.4;0;114881;0;0;0
2022;1053;Dierikon;1486.8333333;1.9018384396;5048392.888;2376.1333333;20386.666667;308909.6;173639.13333;241.93333333;34219.666667;51644.545;706402.83333;-812.05;6345401.3496;4267.7287409;122.40723181;86.4;0;409785;0;0;0
2022;1054;Ebikon;13576.333333;1.9;36286493.663;97904.15;194008.33333;1532490.6167;902543.13333;252558.93667;282258;265353.72167;1361915.1667;0;41175525.721;3032.8900087;86.989518988;86.4;0;84213;0;0;0
2022;1055;Gisikon;1355.8333333;1.7;4660640.2768;1706.5833333;19483.333333;94403.483333;245273.76667;0;27667.666667;26273.365;219921.23;-75.33333333;5295294.3718;3905.5643799;112.01961358;86.4;0;284765;0;0;0
2022;1056;Greppen;1100.5;1.9344313913;3370622.8315;18517.5;15141.666667;284563.91667;155288.71667;18564.6;30486.333333;23101.566667;0;0;3916287.1315;3558.6434634;102.06920866;86.4;0;162005;0;0;0
2022;1057;Honau;389.33333333;1.9;1240234.9344;1701.75;5800;83433.883333;48433.933333;934.91666667;9748;9452.1083333;73931.336667;-250.7833333;1473420.0794;3784.469382;108.54636015;86.4;0;73234;0;0;0
2022;1058;Horw;14029.166667;1.55;75127897.967;244739.7;204175;3908690.1833;1792421.6333;411566.95;311604.33333;251003.88;432080.74667;0;82684180.394;5893.7342722;169.0444124;86.4;0;7997188;0;0;0
2022;1059;Kriens;27306.5;2;72283326.134;265209.43333;393941.66667;3269961.5167;1633906.2667;457316.8;584857.66667;546303.50833;2416079.4333;-264;81850638.426;2997.4781985;85.973835489;86.4;405726;0;0;0;405726
2022;1061;Luzern;81672.166667;1.85;311251079.76;1781945.6333;1248150.3333;13288754.35;5108666.2167;9924978.11;1677929.3333;3628208.58;30721267.35;-156043.7667;378474935.9;4634.0748794;132.91479202;86.4;0;14785111;0.38;1095591;1095591
2022;1062;Malters;7273;2.05;16645544.358;23824.983333;105133.33333;380432.1;432812;40697.666667;192660;155364.3;109046.55667;0;18085515.298;2486.6651036;71.322666047;86.4;3823208;0;0;0;3823208
2022;1063;Meggen;7198.3333333;0.9542858324;63874053.081;426793.43333;108016.66667;4127371.8167;1239177.6333;1007613.8;164502;159229.465;89540.01;15345.566667;71211643.472;9892.7960369;283.74572314;86.4;0;9315908;0;0;0
2022;1064;Meierskappel;1413.3333333;2.25;4452291.5616;7847.4;18783.333333;302111.18333;243497.26667;28734.4;43809.333333;33465.148333;46479.01;135663.65;5312682.2866;3758.973316;107.81508057;86.4;0;259326;0;0;0
2022;1065;Root;4992;1.8;15444979.476;50801.016667;66433.333333;353978.3;423169.8;19286.633333;111866.33333;451846.31167;145938.38667;0;17068299.591;3419.130527;98.0676909;86.4;0;608764;0;0;0
2022;1066;Schwarzenberg;1707.1666667;2.2;3595268.4843;6680.1333333;23683.333333;163623.2;105216.1;11192.716667;103889;32267.358333;31157.96;11121.658333;4084099.9443;2392.3264343;68.616839115;86.4;1058460;0;0;0;1058460
2022;1067;Udligenswil;2282.8333333;1.95;7755447.1056;34863.05;31816.666667;533202.78333;273935.18333;21862.833333;56209.666667;40624.678333;100293.22333;0;8848255.1906;3875.9970171;111.17156084;86.4;0;467240;0;0;0
2022;1068;Vitznau;1376.8333333;1.3710435999;7307812.3065;767.41666667;19541.666667;587567.81667;298617.71667;271761.71667;47828.333333;61134.016667;0;-1222.45;8593808.5398;6241.7202807;179.02536634;86.4;0;871607;0;0;0
2022;1069;Weggis;4374;1.4775670751;27173136.428;113793.58333;62941.666667;1471882.5333;724804.73333;143477.18333;131707.66667;150805.65833;0;-1090.775;29971458.678;6852.1853401;196.53475894;86.4;0;3252476;0;0;0
2022;1081;Beromünster;6542.8333333;1.95;14865611.396;54395.366667;88358.333333;526335.81667;350430.46667;192356.06667;204151.66667;153937.34;330429.00333;0;16766005.456;2562.4992418;73.497744995;86.4;2943210;0;1.35;307949;3251159
2022;1082;Büron;2481;2.2639750366;5750092.9982;16881.433333;33433.333333;161907.35;303252;5577.9166667;57396.333333;60647.325;209735.84;0;6598924.5298;2659.7841716;76.288076733;86.4;874682;0;0;0;874682
2022;1083;Buttisholz;3290.5;2.1;7650355.4409;63080.083333;43250;153878.4;110030.71667;22349.833333;94484.333333;98879.275;413102.43667;0;8649410.5192;2628.6006744;75.393669941;86.4;1262682;0;0;0;1262682
2022;1084;Eich;1634;1.4511164323;7231741.4774;8825.3166667;25566.666667;398678.48333;131607.51667;181.31666667;49046;39777.25;45445.953333;0;7930869.9808;4853.653599;139.212761;86.4;0;623708;0;0;0
2022;1085;Geuensee;2914.3333333;2.2659136724;6626015.0288;25775.266667;36908.333333;268932.63333;250204.98333;45836.166667;68954;53472.558333;19524.18;1052.825;7396675.9755;2538.0336185;72.796020633;86.4;1382276;0;0;0;1382276
2022;1086;Grosswangen;3239.8333333;1.9661066434;6963223.0311;185542.06667;43455;269160.26667;137528.48333;39380.5;98555.666667;73784.9;51174.413333;-17554.05;7844250.2777;2421.1894473;69.444689653;86.4;1915218;0;0;0;1915218
2022;1088;Hildisrieden;2295.8333333;1.7322270318;7445609.1423;24002.433333;31850;262456.06667;234287.75;42818.233333;56898;45717.708333;19659.966667;-210.4;8163088.9007;3555.6104105;101.98221447;86.4;0;336709;0;0;0
2022;1089;Knutwil;2208.5;2.15;5933534.3522;4317.15;31008.333333;247402.55;150238.93333;53013.683333;60373.666667;52771.241667;45215.916667;0;6577875.8272;2978.4359643;85.427665076;86.4;74869;0;0;0;74869
2022;1091;Mauensee;1461;2.067323922;5300322.606;14471.933333;21866.666667;205858.5;122213.83333;80468.95;41184.666667;30858.891667;0;0;5817246.0476;3981.6879176;114.20299309;86.4;0;326992;0;0;0
2022;1093;Neuenkirch;7076.3333333;1.9492039198;17047609.191;38103.616667;98541.666667;558882.45;289754.91667;78221.35;184755;139383.575;173974.06;-34682.13333;18574543.692;2624.8825228;75.287025711;86.4;2741753;0;0;0;2741753
2022;1094;Nottwil;3850.8333333;1.9652817846;10179920.074;21596.8;52641.666667;242239.7;194256.58333;95106;101038.33333;78962.375;0;-2881.233333;10962880.299;2846.8851674;81.654517842;86.4;637125;0;0;0;637125
2022;1095;Oberkirch;4700.3333333;1.65;15002387.427;34123.9;66008.333333;663545.4;471767.15;17422.116667;110686.66667;96914.033333;35419;-471.5;16497802.527;3509.9218198;100.67177178;86.4;0;650470;0;0;0
2022;1097;Rickenbach;3314.3333333;2.1974048832;7624132.9683;24994.7;44366.666667;235783.55;144344.78333;87080.333333;85633;89083.265;24374.973333;-1842.941667;8357951.2983;2521.7594182;72.329243119;86.4;1625936;0;1.72;198963;1824899
2022;1098;Ruswil;6934;2.0999333401;16062436.56;87469.183333;95808.333333;712787.5;452865.5;25509.616667;217018.33333;152299.625;66005.393333;0;17872200.045;2577.4733263;73.927232515;86.4;3015341;0;0;0;3015341
2022;1099;Schenkon;2907;1.2524096513;14363800.156;10236.133333;42800;485829.56667;290204.23333;311514.3;69925.333333;64410.233333;391377.23667;0;16030097.193;5514.3093199;158.16172493;86.4;0;1457381;0;0;0
2022;1100;Schlierbach;883.5;1.75;2028062.3795;3188.45;11833.333333;-18327.13333;62247.183333;21707.283333;29768.333333;18309.95;0;0;2156789.7795;2441.1882054;70.018295138;86.4;504609;0;0;0;504609
2022;1102;Sempach;4151.3333333;1.9838953139;14710284.97;148507.21667;57741.666667;486110.05;186970.88333;93447.416667;102552.66667;96317.45;0;0;15881932.32;3825.7424892;109.73015769;86.4;0;811900;0;0;0
2022;1103;Sursee;9921;1.85;33625897.523;111965.56667;150491.66667;1317418.9667;1192589.15;489664.8;203532;309421.40667;1668941.0733;0;39069922.153;3938.1032308;112.9528947;86.4;0;1764130;0;0;0
2022;1104;Triengen;4639.1666667;1.7847257064;11626111.555;28217.683333;63208.333333;304217.15;284828.01667;137410.25333;130524;142914.08333;371497.11333;0;13088928.188;2821.396412;80.923447949;86.4;885803;0;0.87;141085;1026888
2022;1121;Alberswil;656.83333333;2.15;1374547.9318;3999.5166667;9433.3333333;14942.2;19915.033333;0;19242;23564.716667;43421.353333;-5;1509061.0851;2297.4794495;65.896432653;86.4;469542;0;0;0;469542
2022;1122;Altbüron;1014.1666667;2.331785992;2585738.4591;22131.2;14025;60206.816667;40872.05;100;32046;23015.158333;0;0;2778134.6841;2739.3275439;78.569544137;86.4;276877;0;0;0;276877
2022;1123;Altishofen;1954.6666667;1.865164975;5785601.7262;16884.683333;25418.333333;128088.95;62919.616667;19172.133333;64174.666667;64732.041667;261015.3;-2659.95;6425347.5012;3287.1832373;94.283171438;86.4;0;162134;0;376510;376510
2022;1125;Dagmersellen;5440.1666667;1.95;14547855.315;46840.133333;77033.333333;652390.91667;264150.76667;189945.63333;148227.33333;196821.85;265896.53667;0;16389161.818;3012.621271;86.408169934;86.4;0;468;0;0;0
2022;1127;Egolzwil;1472.1666667;2.0661104852;4155765.7232;38532.45;21708.333333;231971.3;241431.08333;18113.35;36202;32423.15;0;0;4776147.3899;3244.2980119;93.053135032;86.4;0;103058;0;0;0
2022;1128;Ettiswil;2720.6666667;2.15;5349082.6201;4524.8833333;37266.666667;114690.33333;65029.483333;13011.483333;75894;51984.9;74692.963333;-1180.133333;5784997.2001;2126.31605;60.987114561;86.4;2410566;0;0;0;2410566
2022;1129;Fischbach;705.5;2.4;1239016.1328;4096.3166667;9883.3333333;42776.3;47419.6;10683.716667;28363.333333;13196.025;11251.003333;0;1406685.7612;1993.8848493;57.188715536;86.4;718518;0;0;0;718518
2022;1131;Grossdietwil;855.66666667;2.3;1813342.8143;136.68333333;12100;48762.95;25309.216667;3610;34987.333333;24365.556667;19369.443333;0;1981983.9976;2316.3038539;66.436355259;86.4;595572;0;0;0;595572
2022;1132;Hergiswil;1906.1666667;2.2;2791607.3784;9606.5833333;25600;55709.766667;41414.666667;69804.466667;93516.666667;32032.308333;125178.75333;0;3244470.5901;1702.0917671;48.819490213;86.4;2497545;0;0;0;2497545
2022;1135;Luthern;1276.5;2.4;1628598.7224;217.68333333;17116.666667;35559.483333;19255.733333;9152.3166667;92854.666667;29434.075;20148.453333;-11115.45;1841222.3508;1442.3990214;41.370968515;86.4;2004025;0;0;0;2004025
2022;1136;Menznau;2891.1666667;2.3563727644;6150302.5356;19751.683333;39550;175227.25;189742.23333;8831.54;111379.33333;147999.375;6166.17;0;6848950.1206;2368.922622;67.945569677;86.4;1860217;0;0;0;1860217
2022;1137;Nebikon;2642.5;1.9;7336742.4462;6945.2833333;34208.333333;172131.5;129342.95;38696.283333;58356.666667;73062.591667;16337.01;0;7865823.0645;2976.6596271;85.376716073;86.4;94276;0;0;0;94276
2022;1139;Pfaffnau;2668.3333333;1.95;6307679.7358;11824.683333;37708.333333;261983.4;147349.86667;34258.883333;83799.333333;63200.166667;100162.12667;0;7047966.5292;2641.3366131;75.758962837;86.4;989951;0;0;0;989951
2022;1140;Reiden;7089;2.3;16174641.958;138887.36667;96658.333333;688273.81667;440261.65;61656.883333;187323;158295.94167;0;0;17945998.949;2531.5275708;72.609413812;86.4;3408454;0;0;0;3408454
2022;1142;Roggliswil;695;2.2334801126;1414994.241;1569.2833333;10100;49573.05;45968.466667;2621.3166667;24617.666667;13870.666667;35265.72;0;1598580.411;2300.1156993;65.972045714;86.4;494993;0;0;0;494993
2022;1143;Schötz;4410.3333333;2.25;9244528.5424;22730.45;59808.333333;326458.28333;195516.95;84221.25;112791.33333;88333.825;274858.26333;0;10409247.231;2360.1951245;67.695247112;86.4;2876161;0;0.38;57946;2934107
2022;1145;Ufhusen;898.16666667;2.4;1459657.2337;1.2;12841.666667;58530.883333;40020.366667;223.83333333;39535.333333;2851.1833333;75264.766667;0;1688926.467;1880.4154392;53.93417964;86.4;1016654;0;0;0;1016654
2022;1146;Wauwil;2206.5;2.15;5114502.23;12702.05;29991.666667;225205.18333;257737.08333;6522.4666667;47604;37677.05;0;0;5731941.73;2597.7528801;74.508891799;86.4;914779;0;0;0;914779
2022;1147;Wikon;1522.3333333;2.3829480843;3535828.7954;10711.166667;20542.133333;215566.01667;96259.033333;24745.083333;44667.333333;43609.541667;150072.75667;0;4142001.8604;2720.8245197;78.038839371;86.4;443778;0;0;0;443778
2022;1151;Willisau;8953.5;2.188569154;19935998.668;72123.516667;121925;475329.93333;340564.36667;84623.666667;260645.33333;235012.75833;919093.35;-5718.375;22439598.218;2506.2375851;71.884045044;86.4;4531356;0;0;0;4531356
2022;1150;Zell;2034.3333333;2.0314806278;4659525.1905;5310.7666667;28233.333333;364682.91667;176928.2;16105.95;64678;79107.166667;0;0;5394571.5238;2651.7638164;76.05803646;86.4;733525;0;0;0;733525
2023;1001;Doppleschwand;790.66666667;2.3622226639;1242105.7956;0;9106.6666667;70210.866667;20041.55;10230.95;18650.333333;13914.458333;62111.073333;0;1446371.694;1829.3065269;51.18374903;86.4;995155;0;0;0;995155
2023;1002;Entlebuch;3278.8333333;2.1639991087;6290712.737;36744.7;39216.666667;273947.66667;106444.63333;23880.5;112170.66667;71669.9;214578.66333;-5057.7;7164308.4337;2185.0175673;61.136495795;86.4;2960515;0;0;0;2960515
2023;1010;Escholzmatt-Marbach;4348.8333333;2.1155056281;7652885.4913;176768.83333;52750;195854.81667;133080.96667;48661.963333;185229;128747.225;156893.35333;-17918.15;8712953.4996;2003.5151572;56.058082926;86.4;4715961;0;1.13;176383;4892344
2023;1004;Flühli;1928.6666667;2.1012374842;3182133.9959;18482.916667;20463.333333;199937.45;116734.21667;21854.75;155604.66667;85300.183333;259060.63667;0;4059572.1492;2104.859393;58.893680925;86.4;1896025;0;0;0;1896025
2023;1005;Hasle;1741.8333333;2.3637392833;2793244.3507;21954.333333;21453.333333;48382.633333;40072.35;38486.666667;71490.666667;39471.366667;53859.423333;0;3128415.124;1796.0473394;50.253161464;86.4;2250253;0;0;0;2250253
2023;1007;Romoos;662.66666667;2.1656001639;776818.43012;1483.3666667;7706.6666667;45914.266667;14865.2;296.51666667;53698.666667;18654.825;53034.42;0;972472.35845;1467.5136194;41.060832445;86.4;1073799;0;0;0;1073799
2023;1008;Schüpfheim;4211.3333333;2.216686588;7798720.1452;84515.95;50155;166735.93333;177609.63333;51854.866667;101485.66667;88304.583333;200210.88;0;8719592.6585;2070.5064093;57.932489093;86.4;4284730;0;0;0;4284730
2023;1009;Werthenstein;2140.6666667;2.2673547363;4620271.132;4418.95;24975;219777.5;60519.883333;8255.1833333;46703.666667;67877.791667;44028.356667;-1398.975;5095428.4887;2380.2998234;66.600466889;86.4;1514811;0;0;0;1514811
2023;1107;Wolhusen;4331;2.3674871446;9167524.3214;59040.05;48001.666667;258874.53333;214584.06667;46226.116667;74639.666667;76133.133333;56371.826667;0;10001395.381;2309.2577653;64.612719717;86.4;3372451;0;0;0;3372451
2023;1021;Aesch;1250;1.9021737753;3943658.2546;10923.183333;16068.333333;132528.31667;100952.38333;2627.7333333;22819;27207.141667;116364.56;-419.175;4372729.7313;3498.183785;97.878708831;86.4;0;159131;0;0;0
2023;1023;Ballwil;2735.5;1.5644334938;7149008.2543;4047.6333333;32598.333333;254033.9;113514.05;2497.9666667;47316;57135.463333;828739.78;-588.8;8488302.581;3103.0168455;86.821991349;86.4;0;12932;0;0;0
2023;1024;Emmen;30944.166667;2.2150876734;66732362.534;607299.21667;364101.66667;2586652.4333;1145703.5167;601300.23333;429511;703697.13833;0;418764;73589391.739;2378.1345457;66.539882712;86.4;21964180;0;0;0;21964180
2023;1025;Ermensee;995.16666667;2.1635315506;2397207.4669;1157.7833333;11531.666667;149959.65;98782.95;23084.816667;19765.666667;18514.6;0;0;2720004.6002;2733.21514;76.474989681;86.4;353005;0;0;0;353005
2023;1026;Eschenbach;3614.3333333;1.4650153831;10786740.417;115092.76667;44508.333333;394963.2;252031.63333;35718.316667;63602;68613.858333;1813398.07;-1009.7;13573658.896;3755.5083175;105.07861442;86.4;0;635035;0;0;0
2023;1030;Hitzkirch;5796.1666667;2.0044646897;15199219.774;104183.98333;68261.666667;544059.15;430039.45;83878.266667;112276.33333;129213.575;152268.41;0;16823400.609;2902.504634;81.211686808;86.4;1074785;0;0;0;1074785
2023;1031;Hochdorf;9860.6666667;2.0633303395;24438414.616;89747.85;116230;899557.88333;422262.81667;337359.96667;142369.33333;163893.155;142604.22667;0;26752439.847;2713.0457556;75.910653035;86.4;3696657;0;0;0;3696657
2023;1032;Hohenrain;2423.1666667;2.2145757839;5780243.9147;10183.75;28056.666667;62025.083333;92097.533333;11904.3;60931.666667;49261.816667;0;-2187.3;6092517.4313;2514.2791518;70.349190363;86.4;1390063;0;0;0;1390063
2023;1033;Inwil;2630.8333333;1.8648487498;7214926.1675;120663.1;30295;376198.43333;207282.88333;5088.6733333;45980.333333;73116.208333;0;0;8073550.7991;3068.8188023;85.865134729;86.4;50291;0;0;0;50291
2023;1037;Rain;2831;1.864254271;7821751.7197;12688.433333;31870;136075.81667;128303.18333;44260.316667;47694.666667;53853.158333;159973.87667;0;8436471.1713;2980.0322046;83.380897742;86.4;305472;0;0;0;305472
2023;1039;Römerswil;1788.8333333;2.1148607268;3938315.0778;16851.95;21103.333333;139216.76667;70035.05;17935.883333;44289.333333;34464.116667;24795.866667;0;4307007.3778;2407.7186497;67.367641936;86.4;1216793;0;0;0;1216793
2023;1040;Rothenburg;7646;1.8658660188;22412294.337;72320.7;90453.333333;557129.25;863458.18333;41701.52;118401;177422.925;2455687.32;0;26788868.569;3503.644856;98.031508856;86.4;0;981227;0;0;0
2023;1041;Schongau;1038;2.1640221754;2472057.6817;28466.583333;12596.666667;134728.25;82677.55;18040.233333;28623;32875.616667;85181.073333;0;2895246.655;2789.2549663;78.042976435;86.4;310030;0;0;0;310030
2023;1051;Adligenswil;5419.3333333;2.0666836071;17238597.901;114881.8;64128.333333;1683741.75;387375.25;79259.433333;79232.666667;88685.2;0;0;19735902.334;3641.7583346;101.89590529;86.4;0;836238;0;0;0
2023;1052;Buchrain;6287;1.9661131394;17217433.109;45677.016667;73368.333333;1002673.8;483501.26667;281267.85;87312;102554.5;121926.37;0;19415714.246;3088.2319463;86.408311868;86.4;0;585;0;0;0
2023;1053;Dierikon;1500;1.8357405514;4800035.3775;6232.1666667;17441.666667;303517.03333;162271.88333;866.66666667;23041;51710.25;6243.2366667;-1478.716667;5369880.5641;3579.9203761;100.16568759;86.4;0;214015;0;0;0
2023;1054;Ebikon;13754.833333;1.8645825193;37362188.943;106300.2;167833.33333;1531474.1833;778166.41667;316059.45333;190125.33333;261645.15;1222628.7233;0;41936421.737;3048.8498639;85.306406535;86.4;537608;0;0;0;537608
2023;1055;Gisikon;1391.6666667;1.6657628383;4829328.9881;12088.666667;17111.666667;113103.78333;172042.25;0;18934;24565.991667;236292.45;-75.33333333;5423392.4631;3897.0484765;109.03888891;86.4;0;281559;0;0;0
2023;1056;Greppen;1137.6666667;1.9101847553;3780044.2412;9463.5;13418.333333;105803.18333;141923.93333;0;20578.666667;22175.783333;8861.28;0;4102268.9212;3605.861929;100.89152872;86.4;0;167869;0;0;0
2023;1057;Honau;399.5;1.8615127172;1281565.9361;1701.75;4955;66655.25;45225.766667;934.91666667;6586.3333333;8653.2666667;1417.83;-250.7833333;1417445.2661;3548.0482254;99.273909123;86.4;0;54605;0;0;0
2023;1058;Horw;14138.333333;1.5124588989;88387790.579;292547;175475;3632376.4;1590591.15;364614.78333;209074;249936.35;280890.22333;0;95183295.486;6732.2854287;188.36843509;86.4;0;10399168;0;0;0
2023;1059;Kriens;27637.333333;1.9646200032;74795495.139;332566;342961.66667;2872241.6167;1336513.7667;488707.79;391631.33333;521539.96667;1845471.4933;-142.252223;82926986.52;3000.5422564;83.954766214;86.4;2415299;0;0;0;2415299
2023;1061;Luzern;81986.166667;1.81447957;323074433.96;1637476.45;1078007;13527486.25;4254965.4333;8713444.18;1122951.6667;3635172.7333;30650263.93;7501.8467462;387701703.45;4728.8673103;132.3130673;86.4;0;15571553;0.19;564422;564422
2023;1062;Malters;7356.8333333;2.0142326859;17255097.54;34281.466667;91483.333333;482173.8;423204.7;60774.133333;129789.33333;146309.13333;52112.76;0;18675226.2;2538.4870574;71.026524285;86.4;4042196;0;0;0;4042196
2023;1063;Meggen;7341.3333333;0.9365715996;67101949.324;346047;94826.666667;3944664.0167;1194878.5;1361342.0667;110996.66667;151013.85;154277.65667;-41382.68512;74418613.062;10136.934217;283.63004736;86.4;0;10100421;0;0;0
2023;1064;Meierskappel;1444.6666667;2.2155096322;4653845.3313;7145.7666667;16311.666667;278101.08333;283744.03333;27075.833333;29489;30426.808333;49427.413333;173.2353825;5375740.1717;3721.0937967;104.11570079;86.4;0;244476;0;0;0
2023;1065;Root;5110.6666667;1.7581460346;17483188.888;54211.216667;58543.333333;353798;357205.26667;44803.45;75797.666667;428178.175;129291.38333;0;18985017.379;3714.7829466;103.93912406;86.4;0;858796;0;0;0
2023;1066;Schwarzenberg;1716.3333333;2.1647319108;3733223.8247;13503.25;20478.333333;168505.4;109599.8;15419.066667;69660.666667;27244.308333;31033.996667;11121.658333;4199790.3047;2446.954926;68.465467638;86.4;1100135;0;0;0;1100135
2023;1067;Udligenswil;2299.6666667;1.9130983031;8181189.249;12368.433333;27671.666667;670673.23333;294021.6;107756.18333;37629.666667;36784.025;155415.64;0;9523509.6973;4141.2565723;115.87179838;86.4;0;570881;0;0;0
2023;1068;Vitznau;1394.8333333;1.3726069395;7575885.3723;5146.4833333;16980;437130.05;291344.55;221707.6;32233.666667;64036.233333;14014.273333;-1222.45;8657255.779;6206.6596575;173.66149715;86.4;0;888059;0;0;0
2023;1069;Weggis;4369.3333333;1.4131366099;30573730.267;178803.35;53900;1794455.1167;600041.68333;234755.65;88385.333333;147173.21667;0;-1090.775;33670153.842;7706.0162897;215.61329279;86.4;0;4013914;0;0;0
2023;1081;Beromünster;6591.1666667;1.9152365217;15342208.727;63373.583333;76490;568886.53333;305014.73333;226021.63333;136928;137802.76667;367499.17;0;17224225.147;2613.2285858;73.117782134;86.4;3128868;0;0.76;178217;3307085
2023;1082;Büron;2551;2.1955922778;6017880.0583;65662.35;30201.666667;244774.58333;189999.25;3244.6833333;38793;55827.941667;224308.12667;0;6870691.66;2693.3326774;75.359083774;86.4;1006630;0;0;0;1006630
2023;1083;Buttisholz;3310.5;2.0621425818;8395108.4675;111181.88333;37555;224224.06667;120130.2;17330.2;63414.333333;93559.291667;492839.00667;0;9555342.4492;2886.3743994;80.760365028;86.4;667266;0;0;0;667266
2023;1084;Eich;1624;1.3969823748;7636602.3707;29291.8;21796.666667;264235.25;129453.41667;37204.483333;32708;40297.825;52254.69;0;8243844.5024;5076.25893;142.0330378;86.4;0;688718;0;0;0
2023;1085;Geuensee;2904.1666667;2.1968456651;6576263.6717;46360.966667;32210;284987.01667;192621.15;65287.616667;46348;51867.216667;38030.83;0;7333976.4683;2525.3290565;70.658365202;86.4;1633901;0;0;0;1633901
2023;1086;Grosswangen;3257.6666667;1.914662985;7137451.9343;187580.03333;37896.666667;323380.33333;131845.63333;36236.5;66452.666667;67090.766667;28597.506667;-17554.05;7998977.9909;2455.4316968;68.702646537;86.4;2060485;0;0;0;2060485
2023;1088;Hildisrieden;2344.3333333;1.6809801814;7902493.8094;23275.7;27971.666667;246426.61667;200852.73333;42679.2;38529.666667;41569.241667;28926.473333;-210.4;8552514.7077;3648.1649542;102.07516165;86.4;0;364570;0;0;0
2023;1089;Knutwil;2243.5;2.1133480021;6378373.5122;44722.15;27298.333333;274236.8;201955.83333;54888.766667;40609.333333;52006.075;49037.506667;0;7123128.3106;3175.0070473;88.83626745;86.4;0;61230;0;0;0
2023;1091;Mauensee;1468.8333333;2.0046277712;5586832.9583;38118.533333;18591.666667;212130.06667;146810.7;110054.26667;27990.666667;25505.625;0;-759.3333333;6165275.15;4197.3959946;117.44257182;86.4;0;380139;0;0;0
2023;1093;Neuenkirch;7122.3333333;1.8998662578;17454005.146;31097.483333;85093.333333;543964.4;303702.98333;127637.76667;124848;129970.64167;174530.95333;118.89689078;18974969.605;2664.1507378;74.542577055;86.4;3018332;0;0;0;3018332
2023;1094;Nottwil;3923.6666667;1.9157721086;10531423.297;8414.6666667;46348.333333;424541.75;229466.85;29705.616667;68323;70853.95;18468.546667;-2881.233333;11424664.777;2911.7317417;81.469860035;86.4;691362;0;0;0;691362
2023;1095;Oberkirch;4769.6666667;1.6147798075;15790365.33;17543.666667;57443.333333;1060935.1;434710.15;23236.716667;74972;94074.575;83354.34;-471.5;17636163.711;3697.5673446;103.45743384;86.4;0;786052;0;0;0
2023;1097;Rickenbach;3373.3333333;2.1112597787;7932047.5814;45670.733333;39003.333333;266226.28333;154885.93333;86696.583333;57606;82690.766667;32965.363333;-1842.941667;8695949.6364;2577.8506827;72.127913194;86.4;1720684;0;1.46;176175;1896859
2023;1098;Ruswil;6987.8333333;2.0335107428;16057023.608;85517.75;82878.333333;479158.33333;412813.36667;73827.8;145506.66667;138252.075;2923.1533333;0;17477901.086;2501.1903193;69.982966601;86.4;4100073;0;0;0;4100073
2023;1099;Schenkon;2971.3333333;1.2490001985;15050245.291;8910.3333333;37413.333333;517199.85;182159.58333;357067.85;47202.666667;59491.075;419426.78667;0;16679116.769;5613.3442123;157.0606113;86.4;0;1560233;0;0;0
2023;1100;Schlierbach;904.83333333;1.7149057973;2213268.7571;15473.05;10406.666667;-22284.25;55568.633333;20712.916667;20137;16424.016667;2405.6833333;0;2332112.4737;2577.3945188;72.115149788;86.4;461954;0;0;0;461954
2023;1102;Sempach;4186;1.9640967082;15239972.303;161278.83333;49786.666667;488322.8;197511.88333;96383.216667;68663.333333;89121.125;0;0;16391040.161;3915.6808794;109.56022102;86.4;0;861571;0;0;0
2023;1103;Sursee;10093.5;1.8150764062;34712033.796;129479.63333;131076.66667;1292876.9667;1243704.2333;446441.06667;137444.33333;291630.23;1785992.1967;0;40170679.122;3979.8562562;111.35583938;86.4;0;1811177;0;0;0
2023;1104;Triengen;4642;1.8826847822;11470994.677;50404.7;54181.666667;317531.71667;293713.3;143721.45333;87808;129716.96667;311197.97;0;12859270.451;2770.2004418;77.509833417;86.4;1474923;0;0;0;1474923
2023;1121;Alberswil;660.33333333;2.1152582709;1388159.5798;4065.6333333;8195;16127.883333;18839.566667;0;12903.666667;17640.45;43799.226667;2679.0952124;1512410.1017;2290.3737027;64.084346201;86.4;526656;0;0;0;526656
2023;1122;Altbüron;1012.6666667;2.2654295545;2641107.7985;18193.733333;12075;70126.833333;43018.316667;0;21548.666667;19765.066667;0;0;2825835.4151;2790.4892184;78.077510641;86.4;301213;0;0;0;301213
2023;1123;Altishofen;1957.5;1.8059282866;5981171.8166;10233.466667;21641.666667;158284.41667;61589.35;21576.916667;43021.333333;57637.375;107904.10333;-2659.95;6460400.495;3300.332309;92.342851312;86.4;0;130320;0;376510;376510
2023;1125;Dagmersellen;5545.5;1.9143024268;15032043.06;49235.416667;66911.666667;603844.41667;270653.96667;97215.583333;99813.333333;180247;174341.56333;0;16574306.006;2988.7847816;83.625793661;86.4;549837;0;0;0;549837
2023;1127;Egolzwil;1492.5;2.0322239706;4339358.4473;40152.016667;18703.333333;93777.116667;209300.23333;5283.8;24396.333333;30558.825;0;42185.029755;4803715.1353;3218.5696049;90.055141917;86.4;0;61113;0;0;0
2023;1128;Ettiswil;2739.5;2.1136778059;5587139.19;6778.9833333;32400;117574.9;78142.75;13011.483333;50958;48442.633333;81686.346667;-1180.133333;6014954.1533;2195.6394062;61.433693409;86.4;2444443;0;0;0;2444443
2023;1129;Fischbach;705;2.3655404238;1258184.385;4805.7166667;8458.3333333;49501.85;40002.516667;348.11666667;18985;11508.308333;9561.0366667;0;1401355.2633;1987.7379622;55.616639143;86.4;775639;0;0;0;775639
2023;1131;Grossdietwil;857;2.2663589947;1822851.3861;3544.7166667;10415;17573.2;25224.583333;4774.8833333;23550;21869.136667;32972.176667;0;1962775.0827;2290.2859775;64.081891664;86.4;683585;0;0;0;683585
2023;1132;Hergiswil;1908.6666667;2.1636637406;2905917.0275;9476.2833333;22068.333333;59450.283333;37066.35;68707.366667;62793;27365.325;118493.57;823.7871649;3312161.3263;1735.3272754;48.554222292;86.4;2581677;0;0;0;2581677
2023;1135;Luthern;1261;2.3647795453;1690519.0422;271;14635;49184.633333;27924.933333;6189.5333333;62319.333333;23210.191667;28287.276667;-11115.45;1891425.4938;1499.940915;41.968143787;86.4;2002460;0;0;0;2002460
2023;1136;Menznau;2900.3333333;2.197718312;6448178.58;131909.01667;34171.666667;214795.4;180111.05;14960.006667;74685;134094.18333;15641.666667;0;7248546.57;2499.2115515;69.927600947;86.4;1707494;0;0;0;1707494
2023;1137;Nebikon;2669.6666667;1.8665445987;7351015.195;18625.1;29438.333333;233446.4;116756;12172.133333;39269.666667;70910.975;17273.93;0;7888907.7333;2955.016007;82.680947918;86.4;354849;0;0;0;354849
2023;1139;Pfaffnau;2671.3333333;1.9142418665;6526344.2801;15720.983333;32271.666667;233461.26667;112447.98333;43649.5;56481;61347.958333;91884.89;0;7173609.5285;2685.404116;75.137243699;86.4;1075294;0;0;0;1075294
2023;1140;Reiden;7154.8333333;2.2652393812;16616265.638;158724.9;83183.333333;559113.08333;339623.73333;167480.73333;125720.33333;143557.80833;16036.32;0;18209705.883;2545.0915535;71.211317192;86.4;3883954;0;0;0;3883954
2023;1142;Roggliswil;703.5;2.1643853806;1435345.5686;1696.3666667;8571.6666667;72909.066667;54034.133333;1548.3333333;16587;11628.266667;32320.483333;0;1634640.8853;2323.5833479;65.013547581;86.4;537721;0;0;0;537721
2023;1143;Schötz;4483.1666667;2.2144729209;9656359.5099;21253.633333;51800;247075.03333;185556.95;55068.2;76169.666667;82897.641667;194314.04333;0;10570494.678;2357.8188063;65.971451071;86.4;3273232;0;0.49;78177;3351409
2023;1145;Ufhusen;901.66666667;2.3646678039;1444241.2311;1.2;11021.666667;59166.016667;30569.633333;0;26547;1425.5916667;129926.61;0;1702898.9494;1888.6125132;52.843122499;86.4;1081389;0;0;0;1081389
2023;1146;Wauwil;2262.1666667;2.1139516853;5431495.7033;12162.383333;26190;180563.2;294197.46667;50677.716667;32423.333333;36719.275;0;0;6064429.0783;2680.8056045;75.008577971;86.4;920994;0;0;0;920994
2023;1147;Wikon;1519.6666667;2.464314561;3808935.383;9413.7333333;17708.333333;241993.05;108905.15;24640.516667;30053.333333;39206.975;126122.11667;0;4406978.5913;2899.9639776;81.140599588;86.4;285653;0;0;0;285653
2023;1151;Willisau;8954.6666667;2.1239746821;20272316.768;81199.183333;104483.33333;424043.13333;367840.5;179983.61667;175012.33333;208552.34167;805956.44;-5718.375;22613669.275;2525.3502019;70.658956847;86.4;5037758;0;0;0;5037758
2023;1150;Zell;2063.6666667;1.9640381757;4892197.1067;14756.216667;24700;114816.85;124587.45;9397.45;43368;71202.891667;0;17596.166667;5312622.1317;2574.3605871;72.030260792;86.4;1059846;0;0;0;1059846
2024;1001;Doppleschwand;802;2.3309235483;1297313.7419;0;7880;37401.1;13801.6;3575.3333333;9393.6666667;11837.233333;57781.313333;0;1438983.9886;1794.2443748;49.732887067;86.4;1060936;0;0;0;1060936
2024;1002;Entlebuch;3260.1666667;2.1310415303;6330443.9199;40859.616667;33260;251199.98333;150513.46667;50297.75;56245.666667;64869.4;198070.57333;-5057.7;7170702.6766;2199.4895997;60.965479062;86.4;2991585;0;0;0;2991585
2024;1010;Escholzmatt-Marbach;4349.3333333;2.0974197278;7661164.6641;200960.91667;44698.333333;136191.95;127720.1;42336.1;93107.666667;115837.025;214451.34333;-17918.15;8618549.9491;1981.5795407;54.925445438;86.4;4938786;0;0.98;153397;5092183
2024;1004;Flühli;1886.3333333;2.1671280623;3306253.0803;13636.833333;17235;180491.26667;82433.366667;23391.45;78321.333333;77807.366667;241201.25;0;4020770.9469;2131.5272735;59.081698491;86.4;1859131;0;0;0;1859131
2024;1005;Hasle;1736.5;2.3310170859;2846002.2881;26429.033333;18211.666667;57608.683333;37297.866667;13907.183333;35941;34985.058333;54483.216667;0;3124865.9965;1799.5197216;49.87910919;86.4;2287990;0;0;0;2287990
2024;1007;Romoos;655.83333333;2.1662467636;777368.41491;0;6451.6666667;41672.2;8944.6166667;4315.9666667;27013.333333;14579.416667;47799.6;0;928145.21491;1415.2150672;39.226948179;86.4;1116157;0;0;0;1116157
2024;1008;Schüpfheim;4227.1666667;2.2323897872;7823895.1109;86375.333333;42200;260593.91667;159635.16667;82055.466667;51033.333333;85036.975;227133.81333;0;8817959.1159;2086.0211606;57.820359508;86.4;4358570;0;0;0;4358570
2024;1009;Werthenstein;2147.6666667;2.1803129267;4662402.6575;14674.05;20973.333333;220402.23333;64730.65;15193.7;23593.333333;63736.775;44383.726667;-1398.975;5128691.4841;2388.0295596;66.191431928;86.4;1565815;0;0;0;1565815
2024;1107;Wolhusen;4314.6666667;2.3337030707;9063147.569;65654.016667;40140;303761.56667;233289.01667;39857.233333;37532;71606.466667;0;0;9854987.869;2284.0670277;63.309797225;86.4;3594288;0;0;0;3594288
2024;1021;Aesch;1274.5;1.8336091978;3930602.2754;19733.6;13481.666667;201138.28333;70465.4;3097.6333333;11630.333333;26809.975;113870.85;-419.175;4390410.842;3444.81039;95.48329564;86.4;0;138715;0;0;0
2024;1023;Ballwil;2700.8333333;1.531335675;7210192.417;16991.2;27248.333333;365701.9;111257.8;4811.5166667;23699.333333;54435.108333;770505.92333;-588.8;8584254.732;3178.3726252;88.098170486;86.4;0;54957;0;0;0
2024;1024;Emmen;31055.5;2.1821254542;68458733.014;609034.66667;305360;2229462.1;1059367.4333;453661.08333;216605;769551.37167;0;0;74101774.669;2386.1079251;66.138168041;86.4;22701532;0;0;0;22701532
2024;1025;Ermensee;1007.5;2.1310052181;2439599.4132;10974.066667;9843.3333333;103743.66667;69431.366667;23084.816667;9983.3333333;17777.175;0;0;2684437.1715;2664.4537683;73.853361454;86.4;456048;0;0;0;456048
2024;1026;Eschenbach;3651.3333333;1.4326169135;10855901.046;32478.433333;37933.333333;440966.2;218488.13333;63275.683333;31759.333333;65340.8;1799652.0533;-1009.7;13544785.316;3709.5450017;102.82121278;86.4;0;625104;0;0;0
2024;1030;Hitzkirch;5876.6666667;1.9481985997;15575160.044;119813.36667;58743.333333;679173.06667;276574.46667;47047.816667;56629;121169.7;179547.26;0;17113858.054;2912.1709678;80.719589757;86.4;1204339;0;0;0;1204339
2024;1031;Hochdorf;9877.5;2.0308239707;23953001.33;98238.416667;97271.666667;729515.83333;358018.5;132697.75;71474.666667;164702.28833;400230.11;0;26005150.562;2632.7664451;72.975051852;86.4;4784071;0;0;0;4784071
2024;1032;Hohenrain;2417.8333333;2.1809986811;5924083.3009;66625.466667;23515;109851.51667;118131.86667;37484.65;30419;47112.916667;0;-2187.3;6355036.4175;2628.4013583;72.854060324;86.4;1181608;0;0;0;1181608
2024;1033;Inwil;2698.5;1.8106758696;7756145.9585;104868.58333;26586.666667;272294.03333;211300.13333;25311.19;23398.333333;72278.9;0;0;8492183.7985;3147.0015929;87.228627836;86.4;0;26793;0;0;0
2024;1037;Rain;2880.5;1.8314780962;8109977.4773;5620.9166667;27553.333333;100253.26667;132249.96667;16681.633333;24185;44397.383333;180888.46;0;8641807.4373;3000.1067305;83.156994282;86.4;337018;0;0;0;337018
2024;1039;Römerswil;1798.6666667;2.1164783754;4060938.7373;3142.8;17985;143008.88333;55531.55;3950.0833333;22293.333333;31844.1;35267.31;0;4373961.7973;2431.7800949;67.40410979;86.4;1232674;0;0;0;1232674
2024;1040;Rothenburg;7699.1666667;1.8320445726;22811509.804;73817.35;77310;519252.38333;617005.55;30826.52;59722.333333;169584.025;3514179.5033;-1163.225;27872044.244;3620.1377955;100.34302276;86.4;0;1180914;0;0;0
2024;1041;Schongau;1043.1666667;2.1317621402;2578451.7501;26298.483333;10805;88447.733333;85049.95;18908.816667;14414;44144.258333;0;0;2866519.9918;2747.902213;76.166386443;86.4;385142;0;0;0;385142
2024;1051;Adligenswil;5449.1666667;2.0345056924;17362719.612;109165.36667;54410;1294524.0667;317089.43333;60367.65;39815.666667;70879.616667;0;0;19308971.412;3543.4723497;98.218009021;86.4;0;752555;0;0;0
2024;1052;Buchrain;6389.1666667;1.9341543912;17331320.676;61115.816667;62275;1006247.3167;546784.55;8577.3;43880.666667;97372.325;232342.40333;0;19389916.055;3034.8114342;84.118939673;86.4;525798;0;0;0;525798
2024;1053;Dierikon;1536.8333333;1.8182677444;4823025.5194;9152.4333333;15036.666667;77103.033333;91244.25;866.66666667;11551.333333;46417.108333;27635.613333;-1478.716667;5100553.9078;3318.8725134;91.99254807;86.4;0;102986;0;0;0
2024;1054;Ebikon;13938;1.8651973203;37478603.543;114961.7;141556.66667;1601214.3;724644.61667;428294.53333;95872.333333;249162.05;1180507.3933;0;42014817.136;3014.4078875;83.553393922;86.4;1431416;0;0;0;1431416
2024;1055;Gisikon;1412.8333333;1.6326521711;4936520.7313;14128.05;14555;136952.55;148388.26667;488.58333333;9663.3333333;23427.875;249403.56;-75.33333333;5533452.6163;3916.5643149;108.55937658;86.4;0;300160;0;0;0
2024;1056;Greppen;1170;1.8822015596;3830816.0007;10320.916667;11738.333333;128565.18333;109818.05;0;10441.333333;22525.166667;6497.42;0;4130722.4041;3530.5319693;97.859327401;86.4;0;158565;0;0;0
2024;1057;Honau;408.16666667;1.8283178095;1288995.3852;9437.9;4198.3333333;58464.216667;32774.333333;934.91666667;3358.6666667;8354.4416667;0;-250.7833333;1406267.4102;3445.3264438;95.497599626;86.4;0;44494;0;0;0
2024;1058;Horw;14292.666667;1.4810494164;89285252.539;279058.13333;149566.66667;3358836.8;1313155.8667;312289.86667;105269;259007.3;470899.66333;0;95533335.836;6684.0805893;185.26942581;86.4;0;10918907;0;0;0
2024;1059;Kriens;28040.166667;1.9480902582;74869518.814;335795.03333;293063.33333;2532058.2167;1352934.1;494188.19;197017.33333;480350.35;44201.483333;-146.3159886;80598980.538;2874.4116073;79.672975352;86.4;6805210;0;0;0;6805210
2024;1061;Luzern;82394.5;1.7801401023;342433933.32;1730214.3333;913128.33333;12051794.9;3854640.95;6332434.71;563409;3570560.735;31795202.083;186303.06651;403431621.43;4896.3416421;135.71685627;86.4;0;17784066;0;0;0
2024;1062;Malters;7434.1666667;1.9818507679;17699315.498;39042.416667;77333.333333;518358.31667;366380.9;44100.216667;65501.333333;139996.00833;0;0;18950028.023;2549.0453567;70.654469722;86.4;4223062;0;0;0;4223062
2024;1063;Meggen;7463.8333333;0.9415795529;69041741.556;203139.9;81796.666667;4810185.5;965827.7;1142778.85;56086.666667;156991.24167;359294.90333;-48486.44242;76769356.542;10285.513236;285.09397904;86.4;0;11058639;0;0;0
2024;1064;Meierskappel;1486.6666667;2.1814375461;4646885.2491;5032.5333333;13873.333333;258477.38333;182391.15;22672.016667;14956.666667;28137.325;50097.256667;189.27555089;5222712.1897;3513.0351052;97.374349112;86.4;0;195494;0;0;0
2024;1065;Root;5226.3333333;1.7273328551;18899157.668;66843.333333;50748.333333;808165.55;518525.73333;52228.516667;38506.666667;345708.75833;113194.22667;0;20893078.787;3997.6552306;110.80705555;86.4;0;1194803;0;0;0
2024;1066;Schwarzenberg;1730.5;2.132286655;3845964.2729;18221.583333;17335;144213.63333;74970.35;7156.3166667;35007.666667;21760.67;37129.113333;11121.658333;4212880.2645;2434.4872953;67.479148003;86.4;1181273;0;0;0;1181273
2024;1067;Udligenswil;2333.5;1.8811807126;8284141.067;14876.616667;23683.333333;456423.58333;281705.21667;105547.2;18877;34369.625;166373.7;0;9385997.342;4022.2829835;111.4896879;86.4;0;544919;0;0;0
2024;1068;Vitznau;1411;1.4;8521598.9548;18061.883333;14465;511781.15;257383.13333;28596.366667;16258;68565.116667;21481.833333;-1222.45;9456968.9881;6702.3167882;185.77489699;86.4;0;1083063;0;0;0
2024;1069;Weggis;4399.6666667;1.382695728;30745585.236;156904.71667;45976.666667;1899236.4833;633721.45;400442.71667;44363;159956.94167;0;-1090.775;34085096.436;7747.1997354;214.73697503;86.4;0;4293219;0;0;0
2024;1081;Beromünster;6642;1.8818968138;15712937.618;60952.85;65273.333333;657178.88333;241767.98333;166404.18333;68869.666667;124156.55833;344695.73;0;17442236.807;2626.0519131;72.788938372;86.4;3261586;0;0.54;130338;3391924
2024;1082;Büron;2619.1666667;2.0970216883;6278923.9761;69820.433333;25676.666667;254571.8;185194.05;1793.7166667;19771;52757.708333;221694.83;0;7110204.1811;2714.6818382;75.245583697;86.4;1054018;0;0;0;1054018
2024;1083;Buttisholz;3323.6666667;2.012516258;8873345.7434;118459.96667;32090;155411.83333;140189.95;7377.6833333;31916.333333;87316.533333;501274.17333;0;9947382.2167;2992.8940578;82.957073332;86.4;412841;0;0;0;412841
2024;1084;Eich;1616;1.3617051198;8261490.0803;70610.8;18281.666667;183807.1;137399.36667;37349.983333;16371.333333;40787.783333;66872.38;0;8832970.4936;5465.9470876;151.50518683;86.4;0;842271;0;0;0
2024;1085;Geuensee;2891.8333333;2.1321542562;6761428.849;43285.55;27208.333333;272781.96667;139711;67348.75;23317.666667;45834.925;49418.706667;0;7430335.7473;2569.4204647;71.219227209;86.4;1583817;0;0;0;1583817
2024;1086;Grosswangen;3263.1666667;1.8817441312;7352646.002;222158;31900;192416.75;106374.1;28563.633333;33501.333333;69590.558333;12423.276667;-17554.05;8032019.6037;2461.4187457;68.225634268;86.4;2139619;0;0;0;2139619
2024;1088;Hildisrieden;2389.6666667;1.6312295705;8165146.2234;21245.4;23981.666667;255300.96667;131573.11667;33928.15;19537;41007.266667;31008.91;-210.4;8722518.3001;3650.0983262;101.17346911;86.4;0;380799;0;0;0
2024;1089;Knutwil;2274.3333333;2.1166804856;6901829.3156;48409.133333;23463.333333;212710.78333;125573.68333;38361.85;20511.666667;53569.675;39770.373333;0;7464199.8139;3281.9286885;90.968538688;86.4;0;124501;0;0;0
2024;1091;Mauensee;1482.3333333;1.9323961686;5152589.3677;33804.65;15760;192048.8;138804.56667;110054.26667;14126.333333;19201.691667;0;-759.3333333;5675630.3427;3828.8488932;106.12807947;86.4;0;289015;0;0;0
2024;1093;Neuenkirch;7155.5;1.8829842432;17746559.848;27913.65;73551.666667;470098.43333;297033.9;139420.73333;62849.666667;127902.41667;34261.523333;-436.0352827;18979155.803;2652.3870872;73.518897045;86.4;3325301;0;0;0;3325301
2024;1094;Nottwil;3995.5;1.8820392191;10582905.159;17295.533333;40068.333333;402294.4;205261.58333;19830.883333;34512.666667;68872.158333;241520.36;-2881.233333;11609679.844;2905.688861;80.539918645;86.4;844720;0;0;0;844720
2024;1095;Oberkirch;4863.8333333;1.5819158932;16428375.969;76317.733333;49520;937128.3;342388.98333;11086.883333;37740.666667;87854.208333;121964.18333;-471.5;18091905.427;3719.6803812;103.10214535;86.4;0;842506;0;0;0
2024;1097;Rickenbach;3433.6666667;2.03114102;8263860.3671;49307.35;33320;287302.13333;177003.06667;8739.2;29111.333333;78356.266667;41206.586667;-1823.298502;8966383.0052;2611.3143399;72.380442144;86.4;1736722;0;1.03;127719;1864441
2024;1098;Ruswil;7047.6666667;2.0664230262;16106468.63;53022.2;70230;531635.78333;325270.21667;106530.46667;73175.333333;128859.33333;0;0;17395191.963;2468.2200203;68.414152078;86.4;4573137;0;0;0;4573137
2024;1099;Schenkon;3025.8333333;1.2319648501;15398441.254;12807.916667;31946.666667;592725.9;178186.03333;56467.366667;23893;58876.116667;2803638.94;0;19156983.194;6331.1428897;175.48669443;86.4;0;2098778;0;0;0
2024;1100;Schlierbach;919.5;1.6832544835;2266526.5441;20190.083333;9048.3333333;55840.566667;48468.983333;12079.95;10201;14395.366667;3638.0433333;0;2440388.8708;2654.0390112;73.564685094;86.4;425791;0;0;0;425791
2024;1102;Sempach;4206.5;1.9128713257;15815098.558;96188.45;42008.333333;693934.08333;178242.35;118827.73333;34565.333333;76811.3;0;0;17055676.142;4054.6002952;112.38545953;86.4;0;1009392;0;0;0
2024;1103;Sursee;10241.5;1.7813547303;35287894.25;111405.93333;112423.33333;596051.21667;936291.91667;448813.36667;69494.333333;279822.06;1437003.1433;0;39279199.553;3835.2975202;106.30682259;86.4;0;1655277;0;0;0
2024;1104;Triengen;4639.8333333;1.9329358629;11406089.371;73690.483333;45625;325314.45;269623.06667;93327.983333;44193.333333;105024.01667;217421.50333;0;12580309.208;2711.3709273;75.153811831;86.4;1882546;0;0;0;1882546
2024;1121;Alberswil;661.66666667;2.1167899849;1429595.9493;268.35;6828.17;24199.1;24628.9;0;6502.3333333;16833.283333;44024.48;2220.1127305;1555100.6787;2350.2781038;65.145036625;86.4;507385;0;0;0;507385
2024;1122;Altbüron;1017.5;2.2324588453;2559009.9584;18296.283333;10215;60486.45;41842.916667;0;10808.666667;18385.266667;0;0;2719044.5418;2672.2796479;74.07027928;86.4;452611;0;0;0;452611
2024;1123;Altishofen;1963.3333333;1.7517695273;6007224.8568;9355.8666667;18411.666667;169153.2;57987.75;20969.016667;21627.666667;53280.925;131812.59;-5354.076027;6484469.4624;3302.7858043;91.546656472;86.4;0;121077;0;376510;376510
2024;1125;Dagmersellen;5645.6666667;1.8812688584;15960967.438;33522.35;57271.666667;604185.25;249242.13333;55400.166667;50469.333333;164145.025;0;0;17175203.363;3042.1922472;84.323521136;86.4;422942;0;0;0;422942
2024;1127;Egolzwil;1521.8333333;2.0311243483;4423362.5608;41113.6;16046.666667;63406.883333;234634.63333;13465.9;12274;29781.941667;0;0;4834086.1858;3176.488568;88.045948166;86.4;0;30014;0;0;0
2024;1128;Ettiswil;2769;2.080980113;5733287.7017;14743.633333;27416.666667;108153.18333;82142.1;511.76666667;25632;46146.025;94190.433333;-1180.133333;6131043.3767;2214.1724004;61.372457108;86.4;2500225;0;0;0;2500225
2024;1129;Fischbach;703;2.3323116225;1248018.8858;4805.7166667;7158.3333333;43459.8;27451.866667;9551.7833333;9559;10419.15;8435.3666667;0;1368859.9024;1947.1691357;53.971657421;86.4;822466;0;0;0;822466
2024;1131;Grossdietwil;856.16666667;2.2684281669;1913103.2552;3408.0333333;8741.6666667;34828;38706.3;8096.3;11866.666667;20325.783333;50091.776667;0;2089167.7819;2440.1414622;67.635870268;86.4;579595;0;0;0;579595
2024;1132;Hergiswil;1912.1666667;2.1303477761;3016367.6784;8109.0833333;18716.666667;50415.15;27614.683333;42939.5;31600;23113.833333;119773.92333;810.65117441;3339461.1696;1746.4278757;48.40750877;86.4;2620966;0;0;0;2620966
2024;1135;Luthern;1250.6666667;2.3661071723;1726683.9001;6997.8333333;12275;45032.233333;22041.25;8040.3666667;31329;17020.241667;26562.786667;-11115.45;1884867.1617;1507.0899481;41.773537228;86.4;2013594;0;0;0;2013594
2024;1136;Menznau;2935.1666667;2.1322464782;6401599.7154;128285.61667;29320;189753.98333;178201.8;22235.516667;37493.666667;126309.40833;22906.93;0;7136106.637;2431.2440987;67.389253041;86.4;2013121;0;0;0;2013121
2024;1137;Nebikon;2701.1666667;1.8331555108;7351519.7291;27767.216667;25141.666667;173396.01667;111032.18333;10616.866667;19760;63056.216667;34717.213333;0;7817007.1091;2893.9373514;80.21419016;86.4;602818;0;0;0;602818
2024;1139;Pfaffnau;2669.5;1.9155857317;6669021.2374;17181.95;27360;219793.73333;96935.066667;45226.183333;28406.666667;57048.333333;111604.78;0;7272577.9508;2724.3221393;75.512793679;86.4;1048538;0;0;0;1048538
2024;1140;Reiden;7225.1666667;2.2321665196;16583556.352;159500.16667;70488.333333;552814.38333;284305.56667;168544.23333;63315.333333;135351.6;15745.92;0;18033621.888;2495.9454529;69.182645952;86.4;4487993;0;0;0;4487993
2024;1142;Roggliswil;715.5;2.1307151968;1537440.1409;2314;7420;41979.283333;37192.65;10397.65;8374;10375.666667;31590.663333;0;1687084.0542;2357.9092302;65.356556277;86.4;543206;0;0;0;543206
2024;1143;Schötz;4550.1666667;2.1825077929;9870281.9714;18353.466667;44456.666667;226355.73333;195926.43333;46440.283333;38501.666667;80225.791667;77016.86;0;10597558.873;2329.0485051;64.556594354;86.4;3585796;0;0.12;20114;3605910
2024;1145;Ufhusen;910;2.3311109895;1523287.4076;41.683333333;9498.3333333;40033.133333;27304.85;0;13359.333333;0;131401.64;0;1744926.381;1917.5015175;53.149330024;86.4;1091641;0;0;0;1091641
2024;1146;Wauwil;2334;2.0806099473;5724862.7239;13934.716667;22668.333333;106416.81667;279480.31667;53201.4;16460.333333;36788.191667;19727.186667;0;6273540.0189;2687.892039;74.503023722;86.4;1001787;0;0;0;1001787
2024;1147;Wikon;1507.8333333;2.4304927028;3754486.2804;4911.1;14951.666667;139525.46667;101312.83333;10271.95;15128.666667;32150.233333;117406.02667;0;4190144.2237;2778.9173585;77.026064618;86.4;509933;0;0;0;509933
2024;1151;Willisau;8954.3333333;2.0858341793;20464371.98;85208.85;88436.666667;498432.65;372422.83333;296423.06667;87965.333333;194247.00833;926865.13667;-5718.375;23008655.15;2569.5553531;71.222966046;86.4;4902957;0;0;0;4902957
2024;1150;Zell;2089;1.9320129314;5016315.4428;14757.816667;21095;113979.41667;108085.86667;28943.866667;21802;66276.316667;0;9252.75;5400508.4761;2585.2122911;71.656945242;86.4;1111127;0;0;0;1111127
2025;1001;Doppleschwand;811.16666667;2.3;1373154.4689;0;6601.6666667;39706.016667;19678.05;2349.0833333;0;11755.275;56791.716667;0;1510036.2772;1861.5610568;51.10267955;86.4;1043003;0;0;0;1043003
2025;1002;Entlebuch;3253.5;2.1;6452426.1062;26360.15;27085;169243.51667;144827.83333;45847.35;0;58986.891667;207527.22333;0;7132304.0712;2192.1942742;60.179063748;86.4;3107654;0;0;0;3107654
2025;1010;Escholzmatt-Marbach;4360.3333333;2.032900392;7959751.0388;100552.98333;37066.666667;122210.51667;122209.43333;60466.616667;0;100758.18333;206945.46333;-8959.075;8701001.8271;1995.4900605;54.7792342;86.4;5022566;0;0.63;100692;5123258
2025;1004;Flühli;1840;2.1680436535;3336772.4653;14122.633333;14016.666667;183405.4;75033.866667;39423.183333;0;77164.516667;231394.29;0;3971333.0219;2158.3331641;59.249524825;86.4;1819822;0;0;0;1819822
2025;1005;Hasle;1732.3333333;2.3;2899533.7004;26397.233333;14885;63722.15;41059;7177.2833333;0;33752.7;51476.393333;0;3138003.4604;1811.4316685;49.726551673;86.4;2314285;0;0;0;2314285
2025;1007;Romoos;647.83333333;2.1666939901;773267.97619;318.65;5190;19401.083333;9934.15;5415.2;0;15003.441667;41979.883333;0;870510.38452;1343.7258315;36.887315794;86.4;1168459;0;0;0;1168459
2025;1008;Schüpfheim;4244.1666667;2.2;7938230.414;85818.15;34488.333333;238139.5;129437.55;54812.3;0;82236.183333;206474.4;0;8769636.8306;2066.2800308;56.722526445;86.4;4588312;0;0;0;4588312
2025;1009;Werthenstein;2151;2.15;4969610.3455;19132.6;16958.333333;224233.35;45727.95;15674.483333;0;63163.366667;44197.326667;0;5398697.7555;2509.8548375;68.899328878;86.4;1371288;0;0;0;1371288
2025;1107;Wolhusen;4331.3333333;2.3;9144896.9682;55695.833333;32956.666667;323370.01667;212792.3;18596.516667;0;70055.875;0;0;9858364.1765;2276.0576058;62.481239625;86.4;3773930;0;0;0;3773930
2025;1021;Aesch;1300.8333333;1.8;4125660.0924;19615;11295;128315.1;103153.15;7081.9833333;0;26888.658333;102233.13333;-419.175;4523822.9424;3477.6345489;95.466352446;86.4;0;147840;0;0;0
2025;1023;Ballwil;2677;1.5;7289345.4952;28135.633333;22235;302441.75;111508.66667;16255.85;0;62627.496667;825247.08333;0;8657796.9752;3234.1415671;88.78210012;86.4;0;79937;0;0;0
2025;1024;Emmen;31195.666667;2.15;69328716.371;503407.38333;251386.66667;2130877.5833;1262845;435807.98333;0;833927.63;158043.26333;470.3560093;74905482.237;2401.1502315;65.915222271;86.4;23278722;0;0;0;23278722
2025;1025;Ermensee;1016.1666667;2.0645331839;2560879.1588;12797.5;8261.6666667;82646.283333;52237.633333;15327.3;0;17847.858333;0;0;2749997.4005;2706.2464167;74.290576134;86.4;448252;0;0;0;448252
2025;1026;Eschenbach;3698.6666667;1.4;11056431.391;24436.733333;31336.666667;397872.46667;181584.23333;61140.166667;0;64294.275;1936896.97;0;13753992.902;3718.6354278;102.08219276;86.4;0;639900;0;0;0
2025;1030;Hitzkirch;5930.5;1.8915480239;15869180.579;120243.9;49120;675955.28333;258364.38333;49136.983333;0;117489.95;190898.46;0;17330389.539;2922.2476249;80.2201375;86.4;1335069;0;0;0;1335069
2025;1031;Hochdorf;9892.1666667;2;24279596.145;99609.616667;79325;765618.81667;303527.75;137648.76667;0;159360.57667;1196582.03;0;27021268.702;2731.5824341;74.986088307;86.4;4113008;0;0;0;4113008
2025;1032;Hohenrain;2425.3333333;2.15;6028385.8607;64300.066667;19306.666667;171962.01667;106148.4;54537.3;0;46906.908333;0;-2187.3;6489359.919;2675.656921;73.450847996;86.4;1144054;0;0;0;1144054
2025;1033;Inwil;2784;1.7651378995;8095779.4652;43150.083333;22760;360294.91667;184006.16667;25050.023333;0;73519.575;0;0;8804560.2302;3162.557554;86.817010191;86.4;0;14553;0;0;0
2025;1037;Rain;2927.1666667;1.8;8364745.1277;5148.8666667;23133.333333;92370.916667;114799.28333;57226.666667;0;44762.6;174691.79667;0;8876878.591;3032.5839291;83.2490367;86.4;335988;0;0;0;335988
2025;1039;Römerswil;1798.6666667;2.1167722236;4018396.6351;3557.75;14875;104487.51667;42581.683333;13634.05;0;30348.875;36435.18;0;4264316.6901;2370.8209915;65.082638551;86.4;1396747;0;0;0;1396747
2025;1040;Rothenburg;7758.5;1.7824883972;23415731.833;48815.6;63695;448729.06667;419366.3;27724.136667;0;168468.31667;1231587.3167;0;25824117.569;3328.4935966;91.372206693;86.4;0;483577;0;0;0
2025;1041;Schongau;1054.3333333;2.1;2625608.3944;32516.416667;8948.3333333;52803.75;55759.966667;18908.816667;0;50335.825;0;0;2844881.5027;2698.275216;74.071754562;86.4;473492;0;0;0;473492
2025;1051;Adligenswil;5465;2;17040505.002;76806.683333;44383.333333;1186887.4667;279013.21667;60641.416667;0;64422.883333;0;0;18752660.002;3431.4107964;94.197440203;86.4;0;534172;0;0;0
2025;1052;Buchrain;6487.3333333;1.9169328138;16918785.483;75570.583333;51565;554326.7;545772.05;14584.533333;0;102479.525;249487.39667;0;18512571.271;2853.6488446;78.336996749;86.4;1905446;0;0;0;1905446
2025;1053;Dierikon;1581.8333333;1.8552175586;5051156.0413;20996.3;12871.666667;73784.75;101264.95;5002.4333333;0;42461.808333;29623.576667;-666.6666667;5336494.8596;3373.6138613;92.610826516;86.4;0;123154;0;0;0
2025;1054;Ebikon;14135.333333;1.8661751488;37901208.217;106210.2;116746.66667;1199659.1167;625731.4;361545.08333;0;238023.575;1128272.5633;0;41677396.822;2948.4551824;80.939574775;86.4;2811682;0;0;0;2811682
2025;1055;Gisikon;1427;1.6;5070803.2208;14744.7;11870;130826.58333;131427.9;1525.5166667;0;21291.7;220816.33667;0;5603305.9575;3926.6334671;107.79205498;86.4;0;308166;0;0;0
2025;1056;Greppen;1189.1666667;1.815101276;3916995.69;7860.25;9780;237416.53333;113340.23333;0;0;22812.5;2147.1733333;0;4310352.38;3624.6831507;99.503059995;86.4;0;182668;0;0;0
2025;1058;Horw;14531;1.45;90721243.765;224079.15;125085;2785025.6;1113568.1833;480257.26667;0;270718.6;948816.82;0;96668794.385;6652.5906259;182.62372093;86.4;0;11316463;0;0;0
2025;1059;Kriens;28424.333333;1.9334553145;77302350.166;244690.95;242531.66667;2738069.8167;1417951.1833;488126.05667;0;497279.26667;85854.1;113.08233175;83016966.288;2920.6301979;80.175736671;86.4;6444836;0;0;0;6444836
2025;1061;Luzern;82863.5;1.75;355134477.52;1390817.6167;752580;11565123.65;3565359.5167;4947080.91;0;3664913.6567;33403834.253;157984.66414;414582171.79;5003.1940696;137.34527929;86.4;0;19224696;0;0;0
2025;1062;Malters;7524.8333333;1.95;17972421.785;47431.516667;63838.333333;593190.8;277979.95;54706.2;0;143589.31667;0;0;19153157.902;2545.3265279;69.873080678;86.4;4530252;0;0;0;4530252
2025;1063;Meggen;7562.3333333;0.9307505334;73774211.015;135616.21667;68193.333333;3991010.15;932346.35;1035795.5;0;163550.84167;451199.64333;-62660.74441;80489262.306;10643.442805;292.17867713;86.4;0;12120684;0;0;0
2025;1064;Meierskappel;1534.8333333;2.1328541499;4770137.3348;4874.9333333;11673.333333;226336.78333;170686.3;178.55;0;28377.641667;45873.58;-971.71107;5257166.7454;3425.2362333;94.027939064;86.4;0;146760;0;0;0
2025;1065;Root;5778.8333333;1.6673836193;24432224.348;54504.7;46755;835683.36667;475937;51410.566667;0;240912.225;108354.41667;0;26245781.623;4541.7093917;124.67682368;86.4;0;1981839;0;0;0
2025;1066;Schwarzenberg;1748.3333333;2.1;3895694.8923;14521.116667;14135;126818.73333;86375.65;9098.1833333;0;34739.493333;34388.063333;0;4215771.1323;2411.30856;66.194083823;86.4;1286875;0;0;0;1286875
2025;1067;Udligenswil;2378.8333333;1.85;8501613.3698;17461.783333;19825;560177.35;163121.46667;106626.61667;0;34308.075;171692.85333;0;9574826.5148;4025.0093946;110.49262366;86.4;0;562035;0;0;0
2025;1068;Vitznau;1429.5;1.4;8778976.2405;24180.383333;11976.666667;800321.75;246170.5;193358.25;0;74044.666667;2132.69;0;10131161.147;7087.206119;194.55457659;86.4;0;1241543;0;0;0
2025;1069;Weggis;4466.1666667;1.35;30632590.142;112809.05;38091.666667;2017235.5167;673832.35;531081.18333;0;171377.83333;43842.666667;0;34220860.409;7662.2443726;210.34025039;86.4;0;4409194;0;0;0
2025;1081;Beromünster;6675.1666667;1.85;16001434.805;27426.216667;53661.666667;608995.46667;192326.73333;149010.13333;0;131552.8;301520.16;0;17465927.982;2616.553092;71.828358087;86.4;3543270;0;0.36;87894;3631164
2025;1082;Büron;2676.8333333;2.0324276637;6339415.7687;72095.883333;21556.666667;261216.16667;142887.66667;1889.4666667;0;52152.566667;191078.56;0;7082292.7454;2645.7727708;72.630482668;86.4;1342684;0;0;0;1342684
2025;1083;Buttisholz;3345.6666667;1.9502675987;9122992.1982;62699.35;26721.666667;151498.25;133414.73333;8345.85;0;85128.466667;516654.88667;0;10107455.402;3021.0587033;82.93265174;86.4;422585;0;0;0;422585
2025;1084;Eich;1612.1666667;1.2819848164;8705002.3327;63330.533333;14998.333333;183567.15;119531.58333;45317.866667;0;49095.6;55324.913333;0;9236168.3127;5729.0406157;157.27086987;86.4;0;948108;0;0;0
2025;1085;Geuensee;2885;2.1;6894417.6508;77066.883333;22453.333333;165611.53333;98460.566667;24392.066667;0;44666.141667;57604.896667;0;7384673.0725;2559.678708;70.267069827;86.4;1695480;0;0;0;1695480
2025;1086;Grosswangen;3260.6666667;1.85;7572180.424;98948.85;26068.333333;123870.78333;125790.05;7807.25;0;70350.066667;6583.7466667;0;8031599.504;2463.1771122;67.617954395;86.4;2230914;0;0;0;2230914
2025;1088;Hildisrieden;2425;1.5646154203;8532162.6476;22856.866667;20198.333333;237865.13333;84762.95;60778.933333;0;40433.408333;30880.79;0;9029939.0626;3723.6862114;102.22084444;86.4;0;422074;0;0;0
2025;1089;Knutwil;2306.6666667;2.1186850565;7162766.806;53772.633333;19473.333333;205778.1;215730.93333;-94.8;0;58023;25976.333333;0;7741426.3393;3356.1096847;92.130310271;86.4;0;165692;0;0;0
2025;1091;Mauensee;1509.5;1.9;5160435.6809;45424.85;13171.666667;113236.45;97667.683333;29585.316667;0;14302.716667;0;-379.6666667;5473444.6976;3625.9984747;99.539167639;86.4;0;232284;0;0;0
2025;1093;Neuenkirch;7180.3333333;1.85;17958066.65;33289.65;60615;465505.71667;255437.81667;140244.93333;0;131710.86667;44630.29;33617.710417;19123118.634;2663.2633537;73.110625743;86.4;3476024;0;0;0;3476024
2025;1094;Nottwil;4055;1.85;10770190.899;22402.6;33471.666667;437853.35;175283.88333;23818.8;0;67070.825;239998.64667;0;11770090.671;2902.6117561;79.681103066;86.4;992482;0;0;0;992482
2025;1095;Oberkirch;4960.6666667;1.55;16654153.128;84369.816667;41015;886604.01667;283406.48333;44001.45;0;89705.791667;159717.02333;0;18242972.71;3677.5244006;100.95363259;86.4;0;816129;0;0;0
2025;1097;Rickenbach;3487.6666667;1.9326782345;8422252.9497;26460.183333;28196.666667;307844.81667;204900.2;3946.8166667;0;73398.35;50348.3;19.282728472;9117367.5657;2614.1740129;71.76304875;86.4;1859599;0;0.69;87524;1947123
2025;1098;Ruswil;7119.8333333;2.0674663592;16311310.605;47608.35;57663.333333;586823.73333;291216.83333;146786.35;0;127652.68333;0;0;17569061.889;2467.6226347;67.739990742;86.4;4839665;0;0;0;4839665
2025;1099;Schenkon;3059.3333333;1.1655203159;15702840.129;12306.75;26205;621395.31667;149380;64782.516667;0;60117.333333;2848924.5933;0;19485951.639;6369.3457089;174.84821759;86.4;0;2203636;0;0;0
2025;1100;Schlierbach;937.16666667;1.65;2290634.7326;20440.616667;7603.3333333;61072.6;54586.766667;507.58333333;0;14441.058333;7718.9433333;0;2457005.6342;2621.7381834;71.970696724;86.4;492602;0;0;0;492602
2025;1102;Sempach;4196.5;1.850084195;16014627.39;52441.4;34086.666667;750762.26667;181432.21667;40034.233333;0;76014.691667;0;0;17149398.865;4086.5957024;112.18326139;86.4;0;1044848;0;0;0
2025;1103;Sursee;10366.666667;1.75;36567599.272;98099.316667;92655;924116.95;939811.11667;136916.51667;0;276265.29333;1527690.9233;0;40563154.388;3912.8444747;107.41352619;86.4;0;1819344;0;0;0
2025;1104;Triengen;4661.6666667;1.8653420817;11477725.434;83470.3;37388.333333;379055.65;191126.55;93361.233333;0;100010.01667;196013.02667;0;12558150.544;2693.9186008;73.952158855;86.4;2113824;0;0;0;2113824
2025;1121;Alberswil;665.33333333;2.0819734167;1498673.8302;1149.1;5663.17;35410.483333;34421.9;0;0;17461.5;5609.6633333;2184.6537289;1600574.3006;2405.6727965;66.039373554;86.4;493474;0;0;0;493474
2025;1122;Altbüron;1026.5;2.2;2567175.5687;11449.85;8386.6666667;56252.266667;27498.7;0;0;15950.583333;7216.36;0;2693929.9954;2624.383824;72.043323578;86.4;536842;0;0;0;536842
2025;1123;Altishofen;1976.8333333;1.7;6139261.2176;111350.71667;15115;170533.85;50591.933333;4581.8166667;0;48845.8;138795.28;-2659.95;6676415.6643;3377.3285546;92.712800491;86.4;0;156434;0;376510;376510
2025;1125;Dagmersellen;5727.1666667;1.85;16393937.33;40376.233333;47518.333333;243467.45;207174.6;52096.85;0;161289.89167;17202.47;0;17163063.158;2996.7808092;82.266186659;86.4;862431;0;0;0;862431
2025;1127;Egolzwil;1561.6666667;2.0179125804;4658662.9661;5894.4333333;13451.666667;89626.933333;145154.95;9285;0;30320.941667;0;0;4952396.8911;3171.2253305;87.054953826;86.4;0;12821;0;0;0
2025;1128;Ettiswil;2802.1666667;2.05;5916792.0129;22870.25;22623.333333;153896.16667;85767.316667;3466.75;0;45835.316667;11921.753333;0;6263172.8996;2235.1179086;61.357382732;86.4;2556273;0;0;0;2556273
2025;1129;Fischbach;702;2.3;1280491.6363;33854.316667;5841.6666667;31177.083333;18048.4;9551.7833333;0;10256.583333;20908.966667;0;1410130.4363;2008.7328152;55.142767938;86.4;799321;0;0;0;799321
2025;1131;Grossdietwil;860.33333333;2.2696219965;1953163.6153;4641.2;7253.3333333;38680.733333;51427.316667;8408.85;0;20374.616667;58735.5;0;2142685.1653;2490.5290569;68.368806836;86.4;565099;0;0;0;565099
2025;1132;Hergiswil;1916.5;2.1;3100657.6312;167.76666667;15423.333333;33564.666667;18511.683333;2166.7;0;22796.825;165773.70667;795.77639445;3359858.0892;1753.1218832;48.125859468;86.4;2672070;0;0;0;2672070
2025;1135;Luthern;1250.3333333;2.3674401099;1767217.6707;8514.7;10115;54021.05;23281.4;3154.4;0;6007.4916667;37952.996667;430.13333333;1910694.8423;1528.1483676;41.94999463;86.4;2024563;0;0;0;2024563
2025;1136;Menznau;2987.3333333;2.046753333;6596539.4507;112988.25;24505;186701.2;129268.13333;26123.816667;0;123799.875;27837.543333;0;7227763.269;2419.4699629;66.418126734;86.4;2174470;0;0;0;2174470
2025;1137;Nebikon;2733.1666667;1.8;7244267.1272;29163.983333;20783.333333;182067.05;101974.3;11667.2;0;62408.958333;40621.73;0;7692953.6822;2814.6668756;77.26688247;86.4;909324;0;0;0;909324
2025;1139;Pfaffnau;2674.8333333;1.9156404374;6545977.6425;17946.55;22176.666667;224129.48333;80486.333333;27128.416667;0;57944.025;115040.74333;0;7090829.8608;2650.9426858;72.77240469;86.4;1327852;0;0;0;1327852
2025;1140;Reiden;7297.5;2.2;17035138.939;119752.23333;57975;530157.4;203688.53333;173202.55;0;131567.55833;0;0;18251482.214;2501.0595703;68.65788543;86.4;4716427;0;0;0;4716427
2025;1142;Roggliswil;733.33333333;2.1;1634998.5057;937.5;6418.3333333;40136.066667;25739.166667;9005.0833333;0;10772.016667;30863.87;0;1758870.5424;2398.4598305;65.841366678;86.4;549198;0;0;0;549198
2025;1143;Schötz;4630;2.15;9887795.3703;16451.05;36761.666667;214355.5;196786.76667;19609.716667;0;81439.075;17112.376667;0;10470311.522;2261.4063762;62.079041112;86.4;4101997;0;0.07;11491;4113488
2025;1145;Ufhusen;922;2.3;1592567.2015;2170.4166667;7943.3333333;49021.366667;17638.2;0;0;0;126548.34667;0;1795888.8648;1947.8187254;53.470583617;86.4;1105983;0;0;0;1105983
2025;1146;Wauwil;2421.5;2.05;5981485.585;17849.283333;19448.333333;110659.03333;279409.21667;75657.216667;0;38398.633333;48468.096667;0;6571375.3983;2713.7622954;74.496898423;86.4;1049973;0;0;0;1049973
2025;1147;Wikon;1495.3333333;2.3663382626;3865809.363;14151.983333;12190;124315.33333;64541.016667;1263.3666667;0;30745.591667;78355.366667;0;4191372.0213;2802.9683602;76.945740446;86.4;514990;0;0;0;514990
2025;1151;Willisau;8988;2.0769356495;20861415.141;50938.883333;73113.333333;509559.61667;342967.38333;278052.33333;0;186453.30833;1030738.35;-1908.351941;23331329.998;2595.8311079;71.259508136;86.4;4957203;0;0;0;4957203
2025;1150;Zell;2100.6666667;1.9;5116387.874;11600.183333;17338.333333;56805;103266.78333;29011.6;0;64822.608333;0;9252.75;5408485.1323;2574.6517609;70.67810288;86.4;1203083;0;0;0;1203083
2026;1001;Doppleschwand;816.33333333;2.3;1415277.8432;780.38333333;6770;18713.183333;20184.15;1363.9666667;0;13270.016667;30297.953333;0;1506657.4965;1845.6400529;48.865888359;86.4;1157270;0;0;0;1157270
2026;1002;Entlebuch;3277.5;2.1;6451718.9853;33861;27800;202744.05;143669.03333;37301.183333;0;63407.666667;207093.18;0;7167595.0986;2186.9092597;57.901465437;86.4;3527820;0;0;0;3527820
2026;1010;Escholzmatt-Marbach;4390.1666667;2;8195995.0635;55089.833333;37905;106537.78333;119020.3;42680.92;0;100582.25;153034.44;0;8810845.5901;2006.9501363;53.136797257;86.4;5515518;0;0.32;52546;5568064
2026;1004;Flühli;1813.5;2.2;3475170.591;13274.5;14396.666667;273027.88333;81687.333333;29814.866667;0;81093.825;227235.19667;0;4195700.8627;2313.5929764;61.2555931;86.4;1722266;0;0;0;1722266
2026;1005;Hasle;1740.5;2.3;2961921.9695;23237.766667;15116.666667;79692.216667;37285.55;17393.783333;0;38345.483333;28026.67;0;3201020.1062;1839.1382397;48.693743806;86.4;2478727;0;0;0;2478727
2026;1007;Romoos;643.66666667;2.2;797327.42319;550.35;5205;15230.566667;8042.0333333;5547.2;0;15251.075;43860.53;0;891014.17819;1384.278889;36.650709621;86.4;1209453;0;0;0;1209453
2026;1008;Schüpfheim;4257;2.2;8011127.1304;38215.683333;35395;243788.03333;125412;83462.7;0;92068.983333;179694.34667;0;8809163.8771;2069.3361233;54.788553066;86.4;5082639;0;0;0;5082639
2026;1009;Werthenstein;2161.3333333;2.15;5167882.6731;15170.266667;17018.333333;104630.68333;36295.366667;16629.45;0;66526.441667;28539.566667;0;5452692.7814;2522.8374991;66.795632975;86.4;1600353;0;0;0;1600353
2026;1107;Wolhusen;4395.3333333;2.3;9498042.7791;16867.7;34101.666667;312310.71667;180549.63333;56808.916667;0;74390.85;11500.353333;0;10184572.616;2317.13316;61.349324386;86.4;4158651;0;0;0;4158651
2026;1021;Aesch;1336;1.8;4398635.2867;10421.583333;11778.333333;133446.45;105035.46667;7505.6666667;0;29633.458333;103126.62333;-419.175;4799163.6933;3592.1883932;95.108185753;86.4;0;81870;0;0;0
2026;1023;Ballwil;2693.6666667;1.5;7458766.1534;27973.066667;23288.333333;283309.66667;163916.98333;29278.6;0;66876.006667;825571.92;0;8878980.7301;3296.2433103;87.272627914;86.4;0;16541;0;0;0
2026;1024;Emmen;31507.5;2.15;70863779;323180.6;257708.33333;2080820.6167;1317815.25;599494.98333;0;867942.89167;174011.32333;469.42127254;76485222.42;2427.5243171;64.272083864;86.4;26332717;0;0;0;26332717
2026;1025;Ermensee;1020.5;2.0306379704;2634537.3127;12907.033333;8495;21968.116667;26671.783333;0;0;18647.658333;0;0;2723226.9043;2668.5221992;70.652838111;86.4;606955;0;0;0;606955
2026;1026;Eschenbach;3745.1666667;1.4;11156993.375;17430.483333;32053.333333;343876.25;143535.56667;60781.85;0;66806.941667;2220858.0333;0;14042335.833;3749.4555204;99.27205176;86.4;0;339242;0;0;0
2026;1030;Hitzkirch;5969;1.8832685663;16159194.085;122381.45;49431.666667;678124.11667;235211.9;36735.816667;0;121690.975;181148.54333;0;17583918.554;2945.8734384;77.996098063;86.4;1894627;0;0;0;1894627
2026;1031;Hochdorf;9923.5;1.9657184391;23691496.985;91615.033333;80951.666667;967756.15;287853.43333;163327.38333;0;168643.315;1758607.37;0;27210251.336;2742.0014447;72.598303371;86.4;5172953;0;0;0;5172953
2026;1032;Hohenrain;2434.5;2.15;6252420.2069;66176.833333;19385;233308.83333;76429.933333;62832.933333;0;51381.983333;0;-4374.6;6757561.1236;2775.7490752;73.491818844;86.4;1186905;0;0;0;1186905
2026;1033;Inwil;2862.1666667;1.75;8402842.5082;15768.916667;23670;373004.86667;176729.08333;20226.416667;0;76218.833333;0;0;9088460.6248;3175.377846;84.072546579;86.4;251604;0;0;0;251604
2026;1037;Rain;2984.1666667;1.7646825252;8757332.7078;7227;24286.666667;170204.78333;220104.4;54886.033333;0;49069.775;159380.83;0;9442492.1962;3164.1973291;83.776526838;86.4;295693;0;0;0;295693
2026;1039;Römerswil;1792.1666667;2.1328194471;4082101.1672;1367.4;14925;105347.43333;37903.133333;16569.05;0;31598.658333;25740.663333;0;4315552.5055;2408.0084658;63.755374549;86.4;1532797;0;0;0;1532797
2026;1040;Rothenburg;7807.5;1.7655627042;25120959.795;40635.4;65295;498578.91667;292555.05;25715.366667;0;177436.99167;1192734.7967;0;27413911.317;3511.2278344;92.964642311;86.4;0;360673;0;0;0
2026;1041;Schongau;1063.1666667;2.1;2722429.7711;7632.3;9133.3333333;68508.116667;53694.566667;25693.6;0;54780.666667;6716.3633333;0;2948588.7178;2773.4021487;73.4296807;86.4;520827;0;0;0;520827
2026;1051;Adligenswil;5497.3333333;1.9828112591;17465290.212;83770.6;45518.333333;674782.53333;338352.41667;78774.583333;0;74242.483333;0;0;18760731.162;3412.6966703;90.355892649;86.4;0;153034;0;0;0
2026;1052;Buchrain;6594.3333333;1.9341183101;17501192.42;63629.433333;52728.333333;791337.1;533970.38333;15392.383333;0;107623.325;306779.97;0;19372653.348;2937.7728375;77.781623384;86.4;2146533;0;0;0;2146533
2026;1053;Dierikon;1617;1.8998725789;5372403.3878;19521.75;13111.666667;109938.91667;94574.933333;5182.75;0;41601.758333;43673.856667;0;5700009.0195;3525.0519601;93.330655275;86.4;0;78863;0;0;0
2026;1054;Ebikon;14338;1.9;38155499.335;63711.166667;119873.33333;1588769.85;693727.21667;376731.13333;0;236706.75;1107297.6733;0;42342316.459;2953.1536099;78.188850734;86.4;4446658;0;0;0;4446658
2026;1055;Gisikon;1448.6666667;1.6;5331619.3297;3856.2166667;12178.333333;180828.45;135040.4;2119.5166667;0;22264.05;185551.88;0;5873458.1764;4054.3889851;107.34558951;86.4;0;213526;0;0;0
2026;1056;Greppen;1197;1.7780270977;3904057.2675;4522.9166667;10120;439941.38333;108935.68333;317.16666667;0;22284.666667;2504.3566667;0;4492683.4409;3753.2860826;99.373471224;86.4;0;109280;0;0;0
2026;1058;Horw;14875;1.45;79876749.547;90859.25;131206.66667;2847798.5833;1374230.0833;615712.53333;0;273440.7;1347587.2967;0;86557584.66;5818.9972881;154.06604955;86.4;0;7083020;0;0;0
2026;1059;Kriens;28844.833333;1.95;95427556.972;166482.78333;248473.33333;3413389.8;1213738.8333;422882.78333;0;552817.91667;225589.16333;0;101670931.59;3524.7536504;93.322757109;86.4;0;1405199;0;0;0
2026;1061;Luzern;83613;1.7309697766;394469399.63;971836.85;767286.66667;11248287.567;3748239.45;4523976.7833;0;3964908.2167;33976985.197;0;453670920.36;5425.8419189;143.65671412;86.4;0;33689216;0;0;0
2026;1062;Malters;7628.1666667;1.95;18172777.739;36841.983333;64693.333333;470398.11667;226287.05;27762.25;0;151391.21667;5057.5566667;0;19155209.246;2511.1157219;66.485282614;86.4;5737670;0;0;0;5737670
2026;1063;Meggen;7643.8333333;0.95;77978409.279;41880.116667;69363.333333;3456906.7333;717376.73333;1179421.5167;0;168666.21667;534158.30333;-7845.768463;84138336.463;11007.348381;291.43486361;86.4;0;11028834;0;0;0
2026;1064;Meierskappel;1576.1666667;2.0974564616;5027131.9422;7656.4;12435;239799.46667;110126.25;32170.55;0;30350.925;59165.76;0;5518836.2939;3501.4293923;92.705214925;86.4;0;69935;0;0;0
2026;1065;Root;5950;1.6040000108;26160002.033;38949.633333;49636.666667;897277.08333;490496.43333;58026.2;0;240024.53333;143556.56667;0;28077969.15;4718.9864118;124.94173108;86.4;0;1613760;0;0;0
2026;1066;Schwarzenberg;1769;2.1;4053815.9429;5281.25;14301.666667;138336.8;80438.6;3523.2;0;36195.043333;32737.883333;0;4364630.3863;2467.286821;65.324851479;86.4;1408120;0;0;0;1408120
2026;1067;Udligenswil;2423.8333333;1.85;8603386.2853;17510;20408.333333;538856.53333;124712.53333;10852.366667;0;37016.65;110721.36333;0;9463464.0653;3904.3377839;103.37277519;86.4;0;289498;0;0;0
2026;1068;Vitznau;1440;1.4;8698423.3411;19667.316667;12176.666667;944570.25;245507.08333;190363.76667;0;75087.166667;0;0;10185795.591;7073.4691605;187.27993779;86.4;0;1022252;0;0;0
2026;1069;Weggis;4542.3333333;1.35;30522034.827;41690.95;39016.666667;2629269.2;873832.46667;530134.41667;0;180406.33333;255611.99;0;35071996.851;7721.1411574;204.42795506;86.4;0;3772720;0;0;0
2026;1081;Beromünster;6696.8333333;1.85;16324210.724;37645.183333;55015;824980.88333;231178.85;168792.23333;0;137360.01667;301209.13;0;18080392.021;2699.8420179;71.482073888;86.4;3773281;0;0.18;45994;3819275
2026;1082;Büron;2716.6666667;2;6602968.9525;24665.133333;21755;282623.88333;106759.96667;5571.1166667;0;55850.791667;177677.21;0;7277872.0542;2678.9713083;70.929492812;86.4;1587384;0;0;0;1587384
2026;1083;Buttisholz;3390.6666667;1.9161870146;9355204.3017;13201.083333;27468.333333;106948.28333;101609.56667;11822.65;0;88645.791667;511591.45;0;10216491.46;3013.121744;79.776590523;86.4;848219;0;0;0;848219
2026;1084;Eich;1622.5;1.2329660889;8733089.9404;43637.766667;15318.333333;250894.45;117747.38333;51493.1;0;48030.958333;5482.2833333;0;9265694.2154;5710.7514424;151.20009017;86.4;0;739862;0;0;0
2026;1085;Geuensee;2888.6666667;2.1;7106903.6821;51037;22510;148932;86527.05;4527.8;0;45955.125;40406.49;0;7506799.1471;2598.7072976;68.804391453;86.4;1919742;0;0;0;1919742
2026;1086;Grosswangen;3282.1666667;1.85;7843485.1122;94988.866667;26426.666667;98819.683333;116758.03333;10689.55;0;75791.241667;2323.2933333;0;8269282.4472;2519.4584209;66.706167178;86.4;2441361;0;0;0;2441361
2026;1088;Hildisrieden;2447.1666667;1.5318182494;8896316.3024;28752.416667;20598.333333;231146;86986.4;127500.41667;0;43498.766667;36322.69;0;9471121.3257;3870.2395937;102.46997816;86.4;0;276738;0;0;0
2026;1089;Knutwil;2354.5;2.15;7207107.5691;16556.433333;20415;138894.85;162384.18333;161305.55;0;74502.983333;0;0;7781166.5691;3304.8063576;87.499346508;86.4;0;18215;0;0;0
2026;1091;Mauensee;1530.5;1.9;5490792.4647;16308.333333;13536.666667;85359.616667;57572.483333;0;0;14264.083333;0;0;5677833.6481;3709.7900347;98.221852837;86.4;0;127324;0;0;0
2026;1093;Neuenkirch;7191.6666667;1.85;18494173.214;27464.333333;61741.666667;449299.16667;194730.51667;72451.35;0;131981.96667;47793.043333;1010.0333333;19480645.291;2708.7803417;71.718728447;86.4;3987810;0;0;0;3987810
2026;1094;Nottwil;4092.8333333;1.85;11100481.474;21203.55;33398.333333;235222.21667;92221.783333;16918.94;0;74581.8;257676.06;44.076666667;11831748.234;2890.845356;76.539153017;86.4;1524332;0;0;0;1524332
2026;1095;Oberkirch;5029.6666667;1.55;17154734.177;84000.35;41970;315603.98333;206330.71667;71033.066667;0;93141.85;168534.24;0;18135348.384;3605.6759992;95.465288887;86.4;0;320857;0;0;0
2026;1097;Rickenbach;3554.8333333;1.8633295415;8996709.5275;8171.3;29403.333333;271930.4;239387.33333;3441.8666667;0;74922.51;213347.42;19.244407977;9837332.9352;2767.3119983;73.268435493;86.4;1763100;0;0.61;81995;1845095
2026;1098;Ruswil;7234.8333333;2.1;16894122.123;50431.283333;59535;596676.85;253938.86667;185928.55;0;135958.05833;0;0;18176590.731;2512.3717291;66.518537152;86.4;5432729;0;0;0;5432729
2026;1099;Schenkon;3083;1.1321279957;16050811.17;38375.466667;26778.333333;363745.83333;183959.41667;23015.7;0;66520.425;2856322.0133;0;19609528.358;6360.5346604;168.40400495;86.4;0;1779096;0;0;0
2026;1100;Schlierbach;958.5;1.65;2398159.9353;7970.0666667;7818.3333333;59874.333333;39911.916667;22069.45;0;14967.041667;0;-10908.8;2539862.277;2649.8302316;70.157942259;86.4;587996;0;0;0;587996
2026;1102;Sempach;4171.3333333;1.8003803754;16066234.623;43571.516667;34641.666667;770815.51667;162741.88333;59183.683333;0;81979.391667;79453.416667;0;17298621.698;4147.0245399;109.79824472;86.4;0;686829;0;0;0
2026;1103;Sursee;10495.5;1.75;37800977.338;59831.683333;94873.333333;2356263.5667;919660.93333;120238.8;0;290150.20333;1512123.83;0;43154119.688;4111.6783086;108.86240406;86.4;0;1659014;0;0;0
2026;1104;Triengen;4712.1666667;1.8320345611;11932244.992;54330.3;38933.333333;454869.51667;215540.65;65930.85;0;107786.21667;123918.29;0;12993554.148;2757.4479146;73.007270153;86.4;2383587;0;0;0;2383587
2026;1121;Alberswil;679.83333333;2.0788385945;1661606.9354;1082.9833333;5936.5033333;87851.483333;43400.933333;108;0;17896.883333;0;-515.3244709;1817368.3976;2673.2557945;70.778166632;86.4;401121;0;0;0;401121
2026;1122;Altbüron;1031.8333333;2.2;2525476.5348;16998.15;8543.3333333;71206.65;34006.916667;4702.7333333;0;17721.058333;8320.1866667;0;2686975.5632;2604.0790468;68.946615987;86.4;680190;0;0;0;680190
2026;1123;Altishofen;1994.5;1.7;6240776.0076;110919.91667;15726.666667;182959.36667;55852.2;4368.8166667;0;52188.091667;163411.17667;-2659.95;6823542.2926;3421.1793896;90.580484447;86.4;0;58675;0;188255;188255
2026;1125;Dagmersellen;5793.3333333;1.8155547753;17106045.935;54590.233333;48758.333333;357134.25;197351.33333;29719.233333;0;172142.48333;8408.1133333;0;17974149.915;3102.5575228;82.144527204;86.4;931145;0;0;0;931145
2026;1127;Egolzwil;1601.8333333;2.0349398979;4877029.3658;6999.1333333;13861.666667;111707.35;141825.08333;12911.466667;0;32512.175;0;-40669.65239;5156176.5885;3218.9220196;85.225439163;86.4;71061;0;0;0;71061
2026;1128;Ettiswil;2837;2.05;6024758.4794;19657.883333;23240;171818.5;60344.766667;30284.866667;0;49066.55;24498.513333;0;6403669.5594;2257.1975888;59.762446747;86.4;2854269;0;0;0;2854269
2026;1129;Fischbach;707.16666667;2.3;1321991.4026;53376.666667;5988.3333333;31596.1;11298.366667;9203.6666667;0;11392.941667;23124.573333;0;1467972.051;2075.8501781;54.96102173;86.4;839714;0;0;0;839714
2026;1131;Grossdietwil;872.16666667;2.3;2062317.1645;2448.7;7485;48436.6;54611.316667;7243.9666667;0;22194.966667;75256.493333;0;2279994.2079;2614.172606;69.21385701;86.4;566134;0;0;0;566134
2026;1132;Hergiswil;1920.6666667;2.1;3186899.2161;4941.6833333;15640;45994.816667;15018.683333;2211.5833333;0;23029.866667;233160.25333;0;3526896.1027;1836.2874537;48.618265281;86.4;2740786;0;0;0;2740786
2026;1135;Luthern;1255.3333333;2.4;1824574.8515;18028.9;10418.333333;48041.8;18135.35;11495.483333;0;4060.525;34890.753333;878.21666667;1970524.2132;1569.7218905;41.560571106;86.4;2125986;0;0;0;2125986
2026;1136;Menznau;3039.8333333;1.9971549976;6607380.1591;8561.55;25051.666667;144722.45;127957.33333;19206.583333;0;131900.875;23507.956667;0;7088288.5741;2331.8017131;61.737694739;86.4;2831553;0;0;0;2831553
2026;1137;Nebikon;2762.3333333;1.8;7381677.2379;18617.433333;21581.666667;135992.71667;116290.95;17777.05;0;67753.65;31946.09;0;7791636.7946;2820.6721834;74.681220637;86.4;1222643;0;0;0;1222643
2026;1139;Pfaffnau;2701.3333333;1.9853347201;6630253.3256;11567.15;22561.666667;179813.08333;87802.033333;6685.2333333;0;58355.8;93182.043333;0;7090220.3356;2624.7113779;69.49288566;86.4;1724999;0;0;0;1724999
2026;1140;Reiden;7375.1666667;2.2;17580100.233;19867.016667;59746.666667;494072.61667;220157.31667;59523.183333;0;142994.83333;0;0;18576461.867;2518.7853653;66.688347094;86.4;5490806;0;0;0;5490806
2026;1142;Roggliswil;756;2.1;1728150.4452;2549.4833333;6800;13278.1;17222.966667;8849.3166667;0;11941.291667;27286.55;0;1816078.1535;2402.2197798;63.602111033;86.4;650965;0;0;0;650965
2026;1143;Schötz;4730.8333333;2.15;10145975.673;10825.483333;38341.666667;275868.18333;196826.38333;24888.55;0;87920.341667;1596.7566667;0;10782243.038;2279.1424425;60.343467282;86.4;4655812;0;0.02;2994;4658806
2026;1145;Ufhusen;931.16666667;2.3;1656272.0932;2170.4166667;8280;24118.516667;13117.283333;4526.4833333;0;0;101732.96667;0;1810217.7598;1944.0319597;51.47095099;86.4;1228444;0;0;0;1228444
2026;1146;Wauwil;2507.5;2.05;6298760.9496;25758.516667;20293.333333;101617.15;201927.03333;31442.016667;0;41461.216667;50515.24;0;6771775.4562;2700.6083574;71.502363792;86.4;1410911;0;0;0;1410911
2026;1147;Wikon;1492;2.3320744724;3877875.9561;11235.016667;12486.666667;74618.55;63574.533333;9165.5166667;0;33133.4;103819.52333;0;4185909.1627;2805.5691439;74.281346653;86.4;682911;0;0;0;682911
2026;1151;Willisau;9050.8333333;2.1;21466953.818;29419.4;75295;547148.8;316848.8;190259.93333;0;205823.75;1156547.4967;-993.5440622;23987303.454;2650.2867273;70.170028619;86.4;5548142;0;0;0;5548142
2026;1150;Zell;2113.3333333;1.9;5362065.579;22735.75;18013.333333;71434.6;64145.55;29191.183333;0;71510.975;0;-17596.16667;5621500.804;2660.0161533;70.42762871;86.4;1274907;0;0;0;1274907
2027;1001;Doppleschwand;819.33333333;2.3;1477102.9877;780.38333333;6850;21732.35;19959.15;2546.9833333;0;14336.908333;4334.9466667;0;1547643.7094;1888.9060733;47.118269154;84.02;1212072;0;;0;1212072
2027;1002;Entlebuch;3331.1666667;2.1;6656368.5826;29511.333333;27983.333333;253999.08333;112374.75;15935.3;0;65386.55;201268.96;0;7362827.8926;2210.2850531;55.134983951;84.02;3857359;0;;0;3857359
2027;1010;Escholzmatt-Marbach;4445.1666667;2;8445835.5115;30886.3;38463.333333;127174.2;113384.86667;48999.55;0;105866.125;94880.576667;0;9005490.4632;2025.9061445;50.535700184;84.02;5966921;0;;0;5966921
2027;1004;Flühli;1816.1666667;2.2;3546891.0289;13819.483333;14390;311963.53333;110557.31667;30402.183333;0;83866.516667;271105.64333;0;4382995.7055;2413.3224037;60.199697688;84.02;1734299;0;;0;1734299
2027;1005;Hasle;1769.1666667;2.3;3087345.2236;19539.75;15101.666667;91717.966667;45088;29793.25;0;40134.375;7942.8033333;0;3336663.0352;1886.0083101;47.045985207;84.02;2622324;0;;0;2622324
2027;1007;Romoos;646.66666667;2.2;853630.16588;550.35;5130;27873.65;8455.7333333;4832.9;0;15632.8;47672.41;0;963778.00921;1490.3783648;37.177099446;84.02;1214354;0;;0;1214354
2027;1008;Schüpfheim;4263.1666667;2.2;8228197.1425;34102.25;35515;183348.45;108233.66667;51464.316667;0;94131.216667;74415.073333;0;8809407.1158;2066.3998864;51.545806012;84.02;5549984;0;;0;5549984
2027;1009;Werthenstein;2178.1666667;2.15;5283366.118;9792.0333333;17396.666667;125360.15;35981.116667;8258.65;0;72495.666667;0;0;5552650.4013;2549.2311889;63.589906874;84.02;1783949;0;;0;1783949
2027;1107;Wolhusen;4510.5;2.3;10077026.651;7587.8666667;35235;329748.95;128112.61667;93400.216667;0;78442.525;0;0;10749553.826;2383.2288717;59.449022383;84.02;4442917;0;;0;4442917
2027;1021;Aesch;1379.3333333;1.8;4623955.8228;8.55;12096.666667;122415.56667;166580.68333;24257.633333;0;31329.225;97448.466667;-838.35;5077254.2644;3680.9479926;91.820287259;84.02;0;73527;;0;0
2027;1023;Ballwil;2746.8333333;1.5;7889355.014;13862.2;24015;187725.61667;180789.31667;29229.583333;0;72141.69;785236.09667;0;9182354.5173;3342.8873918;83.387453777;84.02;69654;0;;0;69654
2027;1024;Emmen;31960.833333;2.15;72428911.672;225077.23333;262175;2437215.7333;1342513.9833;622800.88333;0;814229.03333;1231427.2633;464.77776113;79364815.58;2483.1898077;61.942521852;84.02;28287111;0;;0;28287111
2027;1025;Ermensee;1025.1666667;1.982840314;2765322.4784;4121.1666667;8638.3333333;70537.7;40479.7;0;0;20152.25;5485.2033333;0;2914736.8317;2843.1833832;70.922467664;84.02;538276;0;;0;538276
2027;1026;Eschenbach;3777;1.4;11694111.715;19604.35;32260;265949.83333;87047.5;31247.483333;0;71040.141667;2056852.91;0;14258113.933;3774.983832;94.165986738;84.02;0;261885;;0;0
2027;1030;Hitzkirch;6009.1666667;1.8491776895;16477804.221;110076.28333;49915;735459.5;280502.11667;24564.8;0;128647.45;172148.84333;0;17979118.215;2991.9486697;74.633378922;84.02;2261229;0;;0;2261229
2027;1031;Hochdorf;9977;1.9327392803;24123589.123;65708.666667;82011.666667;982566.28333;310565.03333;238507.51667;0;193006.65167;2023639.15;0;28019594.091;2808.4187723;70.055273515;84.02;5585389;0;;0;5585389
2027;1032;Hohenrain;2444;2.15;6453500.9728;9544.6666667;19975;192727.2;48609.816667;52116.25;0;51994.625;0;-4374.6;6824093.9311;2792.1824595;69.65026293;84.02;1407898;0;;0;1407898
2027;1033;Inwil;2905.5;1.7321869537;8483398.6276;12058.316667;23735;880602.55;144691.5;53.666666667;0;80962.125;0;0;9625501.7859;3312.855545;82.638317195;84.02;160935;0;;0;160935
2027;1037;Rain;3079;1.7311378945;9281768.4402;6096.5;25510;252996.18333;268515.93333;41111.633333;0;53896.208333;185124.71;0;10115019.608;3285.1638871;81.947556015;84.02;255808;0;;0;255808
2027;1039;Römerswil;1785.5;2.1157895611;4189274.0339;414.95;14990;104097.9;34662.466667;35784.883333;0;33777.3;11323.78;0;4424325.3139;2477.9195261;61.811056052;84.02;1589677;0;;0;1589677
2027;1040;Rothenburg;7838.1666667;1.715381143;26252946.607;36134.383333;65783.333333;821492.61667;356569.26667;39023.866667;0;200693.49167;125575.67333;0;27898219.239;3559.2786458;88.785277148;84.02;0;255254;;0;0
2027;1041;Schongau;1065.8333333;2.1;2748253.7629;6587.9833333;9135;104305.53333;31464.25;6784.7833333;0;49576.691667;45710.96;-16707.11667;2985111.8479;2800.7304281;69.863489774;84.02;604876;0;;0;604876
2027;1051;Adligenswil;5551.5;1.9663100951;17824366.602;76013.016667;46306.666667;1026946.7667;369287.06667;110220.45;0;88833.891667;0;0;19541974.461;3520.1250943;87.808602022;84.02;0;143734;;0;0
2027;1052;Buchrain;6697.3333333;1.95;18133293.504;41564.483333;53636.666667;745541.08333;307297.13333;11156.233333;0;115408.225;337459.72;0;19745357.049;2948.2416457;73.543118612;84.02;2812904;0;;0;2812904
2027;1053;Dierikon;1642.1666667;1.8911759298;6473268.2507;19680.083333;12918.333333;207335.53333;121265.43333;5182.75;0;50148.6;41694.793333;0;6931493.7773;4220.9441453;105.2903504;84.02;0;238705;;0;0
2027;1054;Ebikon;14538.5;1.9521523913;39501699.951;65583.65;121616.66667;1628556.05;516630.21667;215611.78333;0;256401.44167;1058763.1633;0;43364862.923;2982.7604583;74.404181384;84.02;5604371;0;;0;5604371
2027;1055;Gisikon;1477.5;1.6;5623558.4322;3248.1666667;12335;201298.76667;126823.41667;17737.95;0;23932.575;143003.98667;0;6151938.2939;4163.7484223;103.86361801;84.02;0;200363;;0;0
2027;1058;Horw;15265.333333;1.45;85167580.427;95182.783333;134543.33333;2870678.3333;1377956.3667;505724.45;0;272093.55833;1376483.0467;0;91800242.299;6013.6415166;150.00871858;84.02;0;6884069;;0;0
2027;1059;Kriens;29308.5;1.9273780414;127491244.39;141984.68333;252510;3356874.9333;1114412.8833;452794.05;0;624413.70833;425031.69333;0;133859266.35;4567.2506729;113.92887637;84.02;0;5990498;;0;0
2027;1061;Luzern;84650.666667;1.693457972;446448429.01;764886.2;775136.66667;17254949.517;3625086.2667;3832117.6767;0;4616707.1317;30862518.557;-175968.4197;508003862.61;6001.1797025;149.69786188;84.02;0;37994316;;0;0
2027;1062;Malters;7732.5;1.95;19018396.266;25001.733333;66105;437607.6;148009.81667;53180.216667;0;173825.03333;18887.656667;0;19941013.323;2578.8572031;64.328920069;84.02;6103943;0;;0;6103943
2027;1063;Meggen;7719.6666667;0.9327810745;83077609.013;32779.933333;70168.333333;2257936.3667;776054;1473222.6667;0;163312.93333;526661.67;0;88377744.916;11448.388737;285.57706997;84.02;0;10633245;;0;0
2027;1064;Meierskappel;1591.8333333;2.0474739495;5306470.559;4001;12616.666667;231454.4;70200.483333;35935.683333;0;32033.825;61686.703333;0;5754399.3206;3614.9508872;90.174006685;84.02;0;66946;;0;0
2027;1065;Root;6178;1.5522723928;28417941.723;58023.183333;52448.333333;520856.95;428541.55;54939.3;0;232008.91667;209636.75667;0;29974396.713;4851.7961659;121.02678945;84.02;0;1562423;;0;0
2027;1066;Schwarzenberg;1789.8333333;2.1;4245411.2632;3015.25;14660;140209.85;80799.683333;2216.9;0;37532.385;35827.86;0;4559673.1916;2547.5406602;63.547737075;84.02;1468925;0;;0;1468925
2027;1067;Udligenswil;2456;1.85;8864366.4903;14096.6;20715;615999.71667;108857.93333;2199.0666667;0;38310.066667;62053.733333;0;9726598.607;3960.3414524;98.789684216;84.02;0;247896;;0;0
2027;1068;Vitznau;1448.1666667;1.4;8947763.7364;6919.9166667;12203.333333;945695.2;227696.85;232657.5;0;76314.833333;0;0;10449251.37;7215.5033052;179.98884731;84.02;0;949769;;0;0
2027;1069;Weggis;5810.8333333;1.3972210256;36076324.737;70838.05;49400;2909414.8167;903876.16667;687945.35;0;196542.83333;284220.6;0;41178562.553;7086.515856;176.77128905;84.02;0;3683220;;0;0
2027;1081;Beromünster;6727;1.85;16747301.149;46435.766667;55661.666667;744068.96667;203095.91667;141936.43333;0;145490.725;309401.58333;0;18393392.208;2734.2637442;68.205495689;84.02;4264794;0;;0;4264794
2027;1082;Büron;2736.6666667;2;6675014.5772;18443.65;22330;226655.16667;88476.45;5431.7833333;0;59722.183333;183370.95;0;7279444.7606;2659.9676348;66.352198624;84.02;1938320;0;;0;1938320
2027;1083;Buttisholz;3445.6666667;1.9;9564007.3634;4330.8833333;27913.333333;136480.53333;71483.516667;13151.966667;0;96802.508333;542276.35;0;10456446.455;3034.6657024;75.698944155;84.02;1149404;0;;0;1149404
2027;1084;Eich;1657.3333333;1.1669273106;8664857.6737;8900.7666667;15686.666667;377320.96667;134853.13333;58383.466667;0;53199.858333;72950.62;0;9386153.152;5663.4069702;141.2722092;84.02;0;648442;;0;0
2027;1085;Geuensee;2899;2.0825913538;7354036.7057;42737.783333;22501.666667;217808.11667;95204.283333;3303.5666667;0;46194.491667;28308.8;0;7810095.4141;2694.0653377;67.202756927;84.02;1954448;0;;0;1954448
2027;1086;Grosswangen;3353.3333333;1.85;8083937.2203;70850.666667;27621.666667;116730.8;115798.13333;12509.1;0;74174.308333;0;0;8501621.8953;2535.2749191;63.241771364;84.02;2793227;0;;0;2793227
2027;1088;Hildisrieden;2462;1.5;8978919.4502;26984.75;20651.666667;341297.68333;86561.383333;191389.91667;0;48270.408333;17679.12;0;9711754.3785;3944.6605924;98.398529255;84.02;0;241920;;0;0
2027;1089;Knutwil;2417.8333333;2.15;7235962.1387;15018.583333;21030;174530.56667;192059.33333;166920.1;0;89692.633333;0;0;7895213.3554;3265.4084327;81.454761357;84.02;248642;0;;0;248642
2027;1091;Mauensee;1533;1.9;5613765.2287;16859.916667;13588.333333;115628.4;52477.25;2084.7166667;0;15235.391667;16268.406667;0;5845907.6437;3813.3774584;95.123705731;84.02;0;116327;;0;0
2027;1093;Neuenkirch;7205.5;1.85;19024830.469;21206.233333;60926.666667;420941.48333;163152.4;45383.483333;0;134355.89167;50931.196667;30.3;19921758.124;2764.7988515;68.967185972;84.02;4348133;0;;0;4348133
2027;1094;Nottwil;4114.8333333;1.85;11336347.754;18218.583333;33575;311211.18333;79062.783333;15152.723333;0;79728.841667;263173.57;0.01;12136470.449;2949.4439911;73.573110804;84.02;1723298;0;;0;1723298
2027;1095;Oberkirch;5068.3333333;1.55;17576557.111;17643.016667;42171.666667;339114.98333;239062.25;86702.75;0;101008.98333;88997.756667;0;18491258.518;3648.3903685;91.008145822;84.02;0;242045;;0;0
2027;1097;Rickenbach;3654.3333333;1.8;9797781.9903;6687.3333333;30508.333333;269409.7;243053.55;520.96666667;0;76694.903333;185114.55667;0;10609771.334;2903.3397793;72.42305327;84.02;1698920;0;;0;1698920
2027;1098;Ruswil;7373;2.065231933;17607777.583;26889.266667;60978.333333;637491.5;212100.46667;164244.15;0;147613.18333;2890.7133333;0;18859985.196;2557.9798177;63.808139137;84.02;5974087;0;;0;5974087
2027;1099;Schenkon;3102.8333333;1.1;16134001.956;34368.033333;27143.333333;454557.35;174743.13333;41899.533333;0;73698.1;346198.82333;0;17286610.262;5571.2339031;138.97297609;84.02;0;1165249;;0;0
2027;1100;Schlierbach;981.5;1.65;2449065.7497;2799.9166667;7903.3333333;77813.583333;30288.483333;41821.216667;0;17607.575;0;0;2627299.8581;2676.8210474;66.772602605;84.02;678633;0;;0;678633
2027;1102;Sempach;4191.3333333;1.749678872;15788620.636;33656.1;35476.666667;493877.2;168658.05;46113.183333;0;95334.625;148622.01667;0;16810358.477;4010.7424393;100.04692368;84.02;0;459062;;0;0
2027;1103;Sursee;10678.166667;1.75;38536985.757;39859.35;96438.333333;2675219.4333;934008.63333;122178.85;0;311502.57333;1414247.82;0;44130440.751;4132.7731743;103.09094853;84.02;0;1391676;;0;0
2027;1104;Triengen;4786;1.8334829704;12080224.741;45700.633333;39513.333333;472565.9;198006.03333;109348.58333;0;120926.75833;35176.933333;0;13101462.916;2737.4556865;68.285117857;84.02;3018959;0;;0;3018959
2027;1121;Alberswil;702.83333333;2.05;1845432.5726;1082.9833333;6148.3333333;94160.8;46286.383333;108;0;19396.233333;0;-108;2012507.306;2863.4204021;71.427274821;84.02;354808;0;;0;354808
2027;1122;Altbüron;1029.6666667;2.2729095245;2675680.4274;65559.716667;8596.6666667;66414.85;23435.85;8626.0666667;0;18481.65;1157.9033333;0;2867953.1308;2785.321914;69.479128411;84.02;600217;0;;0;600217
2027;1123;Altishofen;2015.6666667;1.7;6316092.4613;113413.23333;15928.333333;196223.86667;50980.5;32497.016667;0;54934.541667;177917.13333;33.044628884;6958020.1309;3451.9696366;86.108481914;84.02;0;28769;;0;0
2027;1125;Dagmersellen;5861.3333333;1.782446647;17247672.908;78407.566667;49451.666667;475268.55;239914.88333;28251.933333;0;186957.625;0;0;18305925.133;3123.1673908;77.90659568;84.02;1436483;0;;0;1436483
2027;1127;Egolzwil;1636.6666667;2.05;5309499.2149;25794.683333;14003.333333;128321.48333;89121.233333;14560.8;0;35233.083333;0;0;5616533.8315;3431.6907321;85.602629932;84.02;0;17701;;0;0
2027;1128;Ettiswil;2864.8333333;2.0841756889;6176523.9927;15320.2;23625;193140.95;35875.516667;39521.983333;0;51877.083333;36409.633333;0;6572294.3594;2294.1279979;57.226424335;84.02;3077167;0;;0;3077167
2027;1129;Fischbach;715.5;2.2645340183;1393674.6692;53376.666667;6056.6666667;42277.4;24966.85;40.666666667;0;12418.041667;18392.673333;0;1551203.6342;2167.9994888;54.080181583;84.02;858776;0;;0;858776
2027;1131;Grossdietwil;890.16666667;2.3;2090036.4776;2448.7;7600;34175.383333;43083.1;14629.75;0;23044.941667;87208.766667;0;2302227.1193;2586.2877206;64.514272389;84.02;696073;0;;0;696073
2027;1132;Hergiswil;1925.6666667;2.0663974663;3201499.8235;7028.1833333;15735;51130.383333;33424.016667;4774.25;0;23180.608333;307018.3;0;3643790.5652;1892.2229004;47.20100654;84.02;2842327;0;;0;2842327
2027;1135;Luthern;1254.8333333;2.4;1920773.8919;11173.3;10423.333333;54656.6;18313.316667;10213.133333;0;4332.2333333;8508.5433333;7.0166666667;2038401.3686;1624.4399271;40.521230141;84.02;2188185;0;;0;2188185
2027;1136;Menznau;3085.1666667;1.95;6639805.1482;13016.433333;25086.666667;227549.8;105821.45;11067.266667;0;149818.54167;17526.9;0;7189692.2066;2330.4064199;58.131380107;84.02;3201906;0;;0;3201906
2027;1137;Nebikon;2810.5;1.8;7412654.2078;6896.5333333;22030;189983.1;158374.71667;31409.733333;0;76227.483333;28331.476667;0;7925907.2511;2820.1057645;70.346802487;84.02;1540546;0;;0;1540546
2027;1139;Pfaffnau;2739;2.0702182696;6697320.0426;14902.866667;22505;177338.51667;87440.216667;4496.5833333;0;63473;88073.443333;0;7155549.6693;2612.4679333;65.167330963;84.02;2070074;0;;0;2070074
2027;1140;Reiden;7470.8333333;2.2;18701625.259;14738.75;60770;499455.46667;183559.9;77238.366667;0;152646.35833;0;0;19690034.101;2635.5873866;65.744039693;84.02;5473565;0;;0;5473565
2027;1142;Roggliswil;774.83333333;2.1;1820857.1304;2158.9666667;6925;12556.116667;8720.7666667;3332.6166667;0;12677.675;20347.243333;0;1887575.5154;2436.1052037;60.76800869;84.02;722253;0;;0;722253
2027;1143;Schötz;4840.1666667;2.15;10559454.934;12119.333333;39110;330878.25;177688.05;28863;0;98540.483333;0;0;11246654.051;2323.6088394;57.961816233;84.02;5056215;0;;0;5056215
2027;1145;Ufhusen;931.16666667;2.266351169;1672522.031;2733.65;8213.3333333;24633.4;14104.266667;4765.4666667;0;0;104518.23333;0;1831490.381;1966.8770872;49.063235751;84.02;1304907;0;;0;1304907
2027;1146;Wauwil;2574.8333333;2.05;6662025.4884;16190.233333;20851.666667;155118.78333;168716.93333;24534.283333;0;44422.041667;62781.916667;0;7154641.3467;2778.6813438;69.313481121;84.02;1518029;0;;0;1518029
2027;1147;Wikon;1496.8333333;2.3;4104365.8186;13398.166667;12486.666667;89180.15;63980.533333;14510.666667;0;35306.333333;90340.763333;0;4423569.0986;2955.2850007;73.718813264;84.02;618133;0;;0;618133
2027;1151;Willisau;9128.5;2.1;21870191.827;29248.283333;76610;561315.06667;274814.45;124183.4;0;221589.55;1028679.3733;-990.3876227;24185641.562;2649.465034;66.090213986;84.02;6561386;0;;0;6561386
2027;1150;Zell;2142.1666667;1.9;5563516.0422;34084.8;18500;106747.43333;88010;4753.1833333;0;79392.025;0;-9252.75;5885750.7338;2747.5690036;68.537391911;84.02;1329592;0;;0;1329592
