{
	"type" : "FeatureCollection",
	"crs" : {
		"type" : "name",
		"properties" : {
			"name" : "EPSG:2056"
		}
	},
	"features" : [
		{
			"type" : "Feature",
			"geometry" : {
				"type" : "MultiPolygon",
				"coordinates" : [
					[
						[
							[ 2692635.9, 1247484.8 ],
							[ 2692351.2, 1247695.6 ],
							[ 2691920.9, 1247594.9 ],
							[ 2691730.2, 1247396.8 ],
							[ 2691827.9, 1247090.6 ],
							[ 2691671.1, 1247021.9 ],
							[ 2691688.5, 1246538.1 ],
							[ 2692045.9, 1245941.8 ],
							[ 2692555.8, 1245489.2 ],
							[ 2692937, 1244780.8 ],
							[ 2693470.1, 1244602.2 ],
							[ 2694229.2, 1243370.6 ],
							[ 2694622.7, 1242049.6 ],
							[ 2695147.9, 1241956.8 ],
							[ 2695370.9, 1242439.8 ],
							[ 2695752.1, 1242507.4 ],
							[ 2695902.6, 1243193.7 ],
							[ 2694691.5, 1244074.5 ],
							[ 2694467.9, 1245429.8 ],
							[ 2693818.5, 1246482.8 ],
							[ 2693437.9, 1246593.5 ],
							[ 2692635.9, 1247484.8 ]
						]
					]
				]
			},
			"properties" : {
				"SEENR" : 9040,
				"SEENAME" : "Greifensee",
				"AREA_HA" : 822,
				"E_CNTR" : 2693695,
				"N_CNTR" : 1245004,
				"E_MIN" : 2691668,
				"N_MIN" : 1241902,
				"E_MAX" : 2695923,
				"N_MAX" : 1247700,
				"REFDATE" : "20250101",
				"PUBDATE" : "20250131"
			}
		},
		{
			"type" : "Feature",
			"geometry" : {
				"type" : "MultiPolygon",
				"coordinates" : [
					[
						[
							[ 2703790.8, 1230786.8 ],
							[ 2703544.9, 1230453.8 ],
							[ 2703549.6, 1230123.2 ],
							[ 2703028.1, 1229894.2 ],
							[ 2702995.7, 1229303.4 ],
							[ 2702697, 1229385.2 ],
							[ 2703015.9, 1229200.8 ],
							[ 2702672.6, 1229292.8 ],
							[ 2702603, 1229182.8 ],
							[ 2702818.6, 1229129.7 ],
							[ 2702612.3, 1228986.6 ],
							[ 2702927.9, 1228939.2 ],
							[ 2703019.7, 1229171.5 ],
							[ 2702955.6, 1228924.7 ],
							[ 2703111.6, 1228902.4 ],
							[ 2703084.6, 1229103.3 ],
							[ 2703488.8, 1228797.8 ],
							[ 2704273.7, 1228623.3 ],
							[ 2704509.6, 1228042.5 ],
							[ 2704720.5, 1228141.4 ],
							[ 2705149.8, 1227940.6 ],
							[ 2705574, 1228081.7 ],
							[ 2706192.2, 1227682.3 ],
							[ 2706463.8, 1227689.8 ],
							[ 2707091, 1227966.8 ],
							[ 2707117.9, 1228529.2 ],
							[ 2707272.4, 1228461.6 ],
							[ 2707112.3, 1228585.6 ],
							[ 2707326.7, 1228596.2 ],
							[ 2707005, 1228993.5 ],
							[ 2707260.6, 1228863.3 ],
							[ 2707102.8, 1229004.3 ],
							[ 2707308.4, 1229039.3 ],
							[ 2707433.3, 1228861.4 ],
							[ 2707432.8, 1229074.5 ],
							[ 2707646.6, 1229147.2 ],
							[ 2707520.2, 1228855.4 ],
							[ 2707715.4, 1229031.9 ],
							[ 2707735.4, 1228849.7 ],
							[ 2707803.8, 1229194.8 ],
							[ 2707949.9, 1228820.6 ],
							[ 2707936.8, 1229247.1 ],
							[ 2708537.1, 1229385.1 ],
							[ 2708878.6, 1229234.3 ],
							[ 2709022.8, 1229464.6 ],
							[ 2709364.5, 1229433.3 ],
							[ 2709685, 1229645.7 ],
							[ 2709916.4, 1229593.4 ],
							[ 2709748.2, 1229559.1 ],
							[ 2709874.4, 1229237 ],
							[ 2710283.5, 1229252.5 ],
							[ 2710011.2, 1229587.5 ],
							[ 2710477.2, 1229377.8 ],
							[ 2710408.5, 1229166.7 ],
							[ 2710551.6, 1229376.2 ],
							[ 2710525.9, 1229217.4 ],
							[ 2711455.8, 1229532.8 ],
							[ 2713189.6, 1230122.1 ],
							[ 2713267.7, 1230464.9 ],
							[ 2713462.5, 1230383.7 ],
							[ 2713338.6, 1230244.1 ],
							[ 2713568.8, 1230273.8 ],
							[ 2714059.7, 1230661.1 ],
							[ 2713825.8, 1230779.8 ],
							[ 2713762.1, 1231115.2 ],
							[ 2714174.6, 1231175.1 ],
							[ 2714294.9, 1231484.6 ],
							[ 2712813.2, 1231614.6 ],
							[ 2712012.8, 1231506.8 ],
							[ 2711876, 1231494 ],
							[ 2711906.7, 1231319.1 ],
							[ 2711316.6, 1231256 ],
							[ 2709002.3, 1230413.4 ],
							[ 2708787.7, 1230660.2 ],
							[ 2708077.2, 1230712.1 ],
							[ 2707576, 1231114.8 ],
							[ 2706872.9, 1231058 ],
							[ 2706758.3, 1230727.3 ],
							[ 2707023.9, 1230463.2 ],
							[ 2706791.1, 1230541.4 ],
							[ 2706417.1, 1230312.7 ],
							[ 2706350.6, 1230462.6 ],
							[ 2705531.8, 1230494.8 ],
							[ 2705230.8, 1230781.8 ],
							[ 2705029.6, 1231041.8 ],
							[ 2704655.8, 1230997.1 ],
							[ 2704195.3, 1231240.9 ],
							[ 2703790.8, 1230786.8 ]
						]
					],
					[
						[
							[ 2702757.8, 1232904.8 ],
							[ 2702107.8, 1232362.7 ],
							[ 2701137.8, 1232381.8 ],
							[ 2699922.9, 1232230.8 ],
							[ 2698687.9, 1232360.9 ],
							[ 2698181, 1232214.2 ],
							[ 2697452.1, 1232677 ],
							[ 2696727, 1232828 ],
							[ 2696037.9, 1233529.8 ],
							[ 2693822.9, 1234866.8 ],
							[ 2692997.9, 1235209.8 ],
							[ 2692668.1, 1235283.2 ],
							[ 2692447.4, 1235556.7 ],
							[ 2691811.8, 1235572.3 ],
							[ 2691496.8, 1235884.9 ],
							[ 2690938.5, 1235878.6 ],
							[ 2690587.3, 1236202.4 ],
							[ 2690079.5, 1236267.1 ],
							[ 2689029, 1237002.5 ],
							[ 2688622.8, 1237536.8 ],
							[ 2687717.8, 1238764.8 ],
							[ 2687549.5, 1239235.1 ],
							[ 2686797.8, 1240209.8 ],
							[ 2686074.6, 1241341.1 ],
							[ 2686125.7, 1241778.9 ],
							[ 2685622.9, 1242971.8 ],
							[ 2685060.9, 1244526.8 ],
							[ 2684645.7, 1245133.2 ],
							[ 2684002.6, 1245273.8 ],
							[ 2683804.1, 1245956.1 ],
							[ 2683767.8, 1246080.6 ],
							[ 2683643.5, 1246508.1 ],
							[ 2683503.2, 1246815 ],
							[ 2683290.6, 1246726.4 ],
							[ 2683183.1, 1246681.6 ],
							[ 2683180.3, 1246678.9 ],
							[ 2682903.5, 1246189.3 ],
							[ 2682927, 1246187.2 ],
							[ 2682950.9, 1245936.7 ],
							[ 2682947.9, 1245936.3 ],
							[ 2682950.1, 1245743.3 ],
							[ 2682958, 1245741.6 ],
							[ 2682902.9, 1245146.8 ],
							[ 2682901.4, 1245119.7 ],
							[ 2682897.9, 1245056.8 ],
							[ 2682901.1, 1245048.9 ],
							[ 2682972.7, 1244871 ],
							[ 2682832, 1244649.9 ],
							[ 2682829.5, 1244646 ],
							[ 2682834.3, 1244641.9 ],
							[ 2682839.2, 1244637.8 ],
							[ 2682897.9, 1244606.8 ],
							[ 2682996.4, 1244302.5 ],
							[ 2683187.5, 1243851.6 ],
							[ 2683228.6, 1243754.7 ],
							[ 2683292.5, 1243665.2 ],
							[ 2683281, 1243627.3 ],
							[ 2683264.9, 1243573.8 ],
							[ 2683257.4, 1243549 ],
							[ 2683237.6, 1243483.5 ],
							[ 2683465.9, 1243329.8 ],
							[ 2683598.2, 1243050.1 ],
							[ 2684500.9, 1241141.8 ],
							[ 2684917.9, 1239656.9 ],
							[ 2686330.8, 1237461.9 ],
							[ 2686583.8, 1236569.6 ],
							[ 2686932.9, 1236101.9 ],
							[ 2687467.8, 1235289 ],
							[ 2690000.9, 1234079.9 ],
							[ 2690571.2, 1233881.8 ],
							[ 2691157.9, 1234144.4 ],
							[ 2691811.7, 1233857.4 ],
							[ 2691965.9, 1233418 ],
							[ 2692277.9, 1233316.2 ],
							[ 2692636.9, 1232534.9 ],
							[ 2693602.4, 1231861.1 ],
							[ 2693862, 1231371.6 ],
							[ 2694407.6, 1231126.5 ],
							[ 2694812.8, 1230674.8 ],
							[ 2695454.8, 1230387.6 ],
							[ 2695833.4, 1229816.5 ],
							[ 2696046.3, 1229799.3 ],
							[ 2696001.9, 1229576.6 ],
							[ 2696446.1, 1229171.6 ],
							[ 2696573.8, 1228797.8 ],
							[ 2697142.7, 1228547.5 ],
							[ 2697355.8, 1228664.8 ],
							[ 2697862.9, 1228783.4 ],
							[ 2698297.7, 1229477.4 ],
							[ 2698496.3, 1229410.9 ],
							[ 2698722.6, 1229580.7 ],
							[ 2698841.7, 1229363.7 ],
							[ 2698363.7, 1229200.7 ],
							[ 2698471.1, 1229036.3 ],
							[ 2698943.1, 1229214.1 ],
							[ 2698939.8, 1229343.7 ],
							[ 2699106.3, 1229213.9 ],
							[ 2699749.2, 1229424.8 ],
							[ 2700969.5, 1229130.6 ],
							[ 2701252.8, 1229421.3 ],
							[ 2701281.8, 1229276.3 ],
							[ 2702433.6, 1229256.1 ],
							[ 2702631.6, 1230057.8 ],
							[ 2703757.8, 1230816.8 ],
							[ 2704260.4, 1231365.4 ],
							[ 2703952.3, 1231571.1 ],
							[ 2704454.2, 1231874.7 ],
							[ 2704370.8, 1232596.8 ],
							[ 2703118.8, 1232779.2 ],
							[ 2703003, 1232979.9 ],
							[ 2702757.8, 1232904.8 ]
						]
					]
				]
			},
			"properties" : {
				"SEENR" : 9050,
				"SEENAME" : "Zürichsee",
				"AREA_HA" : 8802,
				"E_CNTR" : 2693635,
				"N_CNTR" : 1233392,
				"E_MIN" : 2682813,
				"N_MIN" : 1227653,
				"E_MAX" : 2714303,
				"N_MAX" : 1246822,
				"REFDATE" : "20250101",
				"PUBDATE" : "20250131"
			}
		},
		{
			"type" : "Feature",
			"geometry" : {
				"type" : "MultiPolygon",
				"coordinates" : [
					[
						[
							[ 2616952, 1175854.8 ],
							[ 2616447.9, 1176259.4 ],
							[ 2616242.4, 1176721.9 ],
							[ 2615819.2, 1176767 ],
							[ 2615300, 1177256.9 ],
							[ 2614741.6, 1176786.6 ],
							[ 2614547.3, 1176793.3 ],
							[ 2614878.1, 1176738.8 ],
							[ 2614524.8, 1176554.8 ],
							[ 2614908.7, 1176582.4 ],
							[ 2614641.5, 1176163.3 ],
							[ 2614784.9, 1175944.1 ],
							[ 2614635.3, 1175930.2 ],
							[ 2614817.5, 1175915.5 ],
							[ 2614646.8, 1175876.3 ],
							[ 2614519.3, 1175558 ],
							[ 2614653.9, 1175207.3 ],
							[ 2614544.9, 1174641.8 ],
							[ 2614851.8, 1174313.9 ],
							[ 2615351, 1174334.9 ],
							[ 2615274.4, 1174034.8 ],
							[ 2615418.7, 1174325.5 ],
							[ 2615690.9, 1173960.7 ],
							[ 2615489.3, 1173903 ],
							[ 2615698.5, 1173849.3 ],
							[ 2615546.9, 1173780.5 ],
							[ 2615693.2, 1173756.2 ],
							[ 2615680.8, 1173341.6 ],
							[ 2616888.8, 1172487 ],
							[ 2617228.1, 1171772.8 ],
							[ 2619132.3, 1171236.1 ],
							[ 2619223, 1170840.2 ],
							[ 2618937.5, 1170746.8 ],
							[ 2619771.3, 1170528.4 ],
							[ 2620320.9, 1170136.4 ],
							[ 2620254.7, 1169209 ],
							[ 2621334.3, 1168621.6 ],
							[ 2621822.5, 1168560.7 ],
							[ 2621938, 1168357.7 ],
							[ 2622228.2, 1168151.4 ],
							[ 2623177.9, 1167967.5 ],
							[ 2623473.1, 1167714.7 ],
							[ 2623967.6, 1167314.2 ],
							[ 2624646.6, 1167063.4 ],
							[ 2626681.2, 1167460.1 ],
							[ 2627078.1, 1167742.7 ],
							[ 2628012, 1168213.4 ],
							[ 2628963.7, 1167687.2 ],
							[ 2629472.1, 1167897.2 ],
							[ 2629723.8, 1168353.6 ],
							[ 2629760.8, 1168404 ],
							[ 2629773.1, 1168411.6 ],
							[ 2629887.7, 1168477.2 ],
							[ 2630018.8, 1168652.3 ],
							[ 2629745.1, 1168514.4 ],
							[ 2629950.8, 1168704.7 ],
							[ 2629908.8, 1169046.8 ],
							[ 2629791.5, 1168962.1 ],
							[ 2629360.4, 1169179.1 ],
							[ 2628918.7, 1169792.4 ],
							[ 2628649.3, 1169780.7 ],
							[ 2628737.9, 1170008.6 ],
							[ 2628488.6, 1170201.5 ],
							[ 2627708.1, 1170454.7 ],
							[ 2627310.8, 1170359.4 ],
							[ 2627028.7, 1170562.6 ],
							[ 2626148.8, 1170178.7 ],
							[ 2624853.5, 1170158.7 ],
							[ 2624338.1, 1169942.7 ],
							[ 2623597.9, 1170249.2 ],
							[ 2623265.9, 1171460.7 ],
							[ 2622895, 1171589.2 ],
							[ 2622706.4, 1172156.8 ],
							[ 2621883.3, 1172953.2 ],
							[ 2620316.2, 1173518.9 ],
							[ 2620106.4, 1173439.6 ],
							[ 2619180, 1173926.8 ],
							[ 2618574.5, 1174838.3 ],
							[ 2618130.7, 1175200.5 ],
							[ 2617743.9, 1175162.1 ],
							[ 2617502.7, 1175535.5 ],
							[ 2617172.8, 1175597.6 ],
							[ 2616952, 1175854.8 ]
						]
					]
				]
			},
			"properties" : {
				"SEENR" : 9073,
				"SEENAME" : "Thunersee",
				"AREA_HA" : 4784,
				"E_CNTR" : 2621592,
				"N_CNTR" : 1171267,
				"E_MIN" : 2614465,
				"N_MIN" : 1167063,
				"E_MAX" : 2630023,
				"N_MAX" : 1177265,
				"REFDATE" : "20250101",
				"PUBDATE" : "20250131"
			}
		},
		{
			"type" : "Feature",
			"geometry" : {
				"type" : "MultiPolygon",
				"coordinates" : [
					[
						[
							[ 2643898.5, 1175777.8 ],
							[ 2644676.3, 1176375.4 ],
							[ 2645234.6, 1176435.2 ],
							[ 2645602.3, 1176703.4 ],
							[ 2646592.6, 1176601.2 ],
							[ 2646517.7, 1177021.8 ],
							[ 2646710.8, 1177244.4 ],
							[ 2646473.2, 1177573.3 ],
							[ 2646648.5, 1177821.1 ],
							[ 2646099.3, 1178334.3 ],
							[ 2645166.4, 1178255 ],
							[ 2644128, 1178691.5 ],
							[ 2643498.6, 1178380.5 ],
							[ 2642665.5, 1178342.8 ],
							[ 2641270.3, 1177462.9 ],
							[ 2640819.4, 1177154.5 ],
							[ 2640774.3, 1176790.4 ],
							[ 2640524.1, 1176498.6 ],
							[ 2639893.3, 1176292.6 ],
							[ 2639650.2, 1175858.6 ],
							[ 2639296.6, 1175750.1 ],
							[ 2638665.3, 1175052.8 ],
							[ 2636820.3, 1173492.7 ],
							[ 2636173.1, 1172917.8 ],
							[ 2635397.5, 1172612.5 ],
							[ 2634605.3, 1171822.7 ],
							[ 2634183.2, 1171504.7 ],
							[ 2634171.3, 1171337.4 ],
							[ 2634390.3, 1171277.7 ],
							[ 2635115.5, 1171256 ],
							[ 2635176.6, 1170891.5 ],
							[ 2636698.5, 1170872 ],
							[ 2637340.1, 1171452.2 ],
							[ 2637696.8, 1171485.4 ],
							[ 2638355.3, 1172007.7 ],
							[ 2639156.4, 1172972.2 ],
							[ 2639880.2, 1173164.7 ],
							[ 2640298.9, 1173716.8 ],
							[ 2640360.5, 1173459.8 ],
							[ 2640773, 1173656 ],
							[ 2642439.8, 1174985.6 ],
							[ 2643898.5, 1175777.8 ]
						]
					]
				]
			},
			"properties" : {
				"SEENR" : 9089,
				"SEENAME" : "Brienzersee",
				"AREA_HA" : 2976,
				"E_CNTR" : 2640699,
				"N_CNTR" : 1175058,
				"E_MIN" : 2634115,
				"N_MIN" : 1170870,
				"E_MAX" : 2646713,
				"N_MAX" : 1178698,
				"REFDATE" : "20250101",
				"PUBDATE" : "20250131"
			}
		},
		{
			"type" : "Feature",
			"geometry" : {
				"type" : "MultiPolygon",
				"coordinates" : [
					[
						[
							[ 2572573, 1211285.5 ],
							[ 2572521.5, 1211075.9 ],
							[ 2572739.1, 1210697.7 ],
							[ 2573423, 1210650.5 ],
							[ 2573551.1, 1210665.9 ],
							[ 2573571.1, 1210668.3 ],
							[ 2573731.6, 1210687.6 ],
							[ 2573761.2, 1210687.6 ],
							[ 2573768, 1210663.5 ],
							[ 2573830, 1210633.5 ],
							[ 2573929.4, 1210701 ],
							[ 2573946.4, 1210702.8 ],
							[ 2574110.9, 1210725 ],
							[ 2574127.5, 1210729.7 ],
							[ 2574123.3, 1210750.6 ],
							[ 2574078, 1210980.5 ],
							[ 2574130, 1210898.5 ],
							[ 2574110, 1210855.5 ],
							[ 2574205, 1210675.5 ],
							[ 2574238, 1210673.5 ],
							[ 2574228, 1210735.5 ],
							[ 2574420, 1210625.5 ],
							[ 2574394.2, 1210599 ],
							[ 2574383.2, 1210592.4 ],
							[ 2574420, 1210443.5 ],
							[ 2574423, 1210378.4 ],
							[ 2574536.6, 1210132.9 ],
							[ 2574575.7, 1210118.6 ],
							[ 2574606.9, 1210037.2 ],
							[ 2574662.9, 1209958.4 ],
							[ 2574733, 1209858.4 ],
							[ 2575066.7, 1209674.5 ],
							[ 2575770.8, 1209701.7 ],
							[ 2577290.1, 1210303.4 ],
							[ 2577636.9, 1210499.4 ],
							[ 2577641.7, 1210502.1 ],
							[ 2577662.7, 1210514 ],
							[ 2578108.3, 1210765.7 ],
							[ 2578111.2, 1210938.3 ],
							[ 2578380.3, 1210749.5 ],
							[ 2579016, 1210985.1 ],
							[ 2579766.1, 1211762.8 ],
							[ 2579793.2, 1211790.9 ],
							[ 2579802.6, 1211800.8 ],
							[ 2579790.1, 1211838.1 ],
							[ 2579849.2, 1211909.7 ],
							[ 2579860.1, 1211937.3 ],
							[ 2579872.4, 1211965.6 ],
							[ 2579885.2, 1211994.9 ],
							[ 2579955.4, 1212156.3 ],
							[ 2579978.1, 1212208.4 ],
							[ 2580098.1, 1212518.4 ],
							[ 2580133.5, 1212755.3 ],
							[ 2580444.4, 1212543.4 ],
							[ 2580703.2, 1212694.7 ],
							[ 2580803.9, 1212753.6 ],
							[ 2581739.8, 1214521.1 ],
							[ 2581806.6, 1214647.1 ],
							[ 2581823.2, 1214678.5 ],
							[ 2582169.2, 1215178.9 ],
							[ 2582103.2, 1215490.5 ],
							[ 2582157.6, 1215609.3 ],
							[ 2582218.9, 1215743.3 ],
							[ 2582236.5, 1215781.8 ],
							[ 2582247.5, 1215805.8 ],
							[ 2582317.4, 1215958.5 ],
							[ 2582409.4, 1216159.3 ],
							[ 2582413.6, 1216168.5 ],
							[ 2582460.4, 1216270.7 ],
							[ 2582481.1, 1216316 ],
							[ 2582513.1, 1216385.9 ],
							[ 2582552.9, 1216472.8 ],
							[ 2582608, 1216593.1 ],
							[ 2582824.5, 1217066 ],
							[ 2583208.2, 1217355.5 ],
							[ 2583215.2, 1217378.5 ],
							[ 2583215.6, 1217386.1 ],
							[ 2583236.5, 1217477.6 ],
							[ 2583415.7, 1218265.2 ],
							[ 2583432.2, 1218337.5 ],
							[ 2583481.8, 1218411.7 ],
							[ 2583494.1, 1218430.2 ],
							[ 2583510, 1218453.9 ],
							[ 2583535, 1218491.3 ],
							[ 2584032.2, 1219235.5 ],
							[ 2584063.6, 1219270.9 ],
							[ 2584073.7, 1219282.3 ],
							[ 2584095.9, 1219307.3 ],
							[ 2584112.3, 1219325.9 ],
							[ 2584125.2, 1219340.5 ],
							[ 2584126.4, 1219341.8 ],
							[ 2584146.9, 1219364.9 ],
							[ 2584151.7, 1219370.3 ],
							[ 2584210.7, 1219436.9 ],
							[ 2584448.8, 1219705.5 ],
							[ 2584497.8, 1219676.1 ],
							[ 2584553.8, 1219642.6 ],
							[ 2584502.8, 1219684.8 ],
							[ 2584457.8, 1219722 ],
							[ 2584477.8, 1219757 ],
							[ 2584505.1, 1219804.6 ],
							[ 2584589.8, 1219952.4 ],
							[ 2584593.1, 1219958.2 ],
							[ 2584600.2, 1219970.5 ],
							[ 2584599.4, 1219971.8 ],
							[ 2584602.7, 1219977.9 ],
							[ 2584605.2, 1219982.5 ],
							[ 2584613, 1219993.5 ],
							[ 2584630.2, 1220017.5 ],
							[ 2584480.2, 1220002.5 ],
							[ 2584592.2, 1220077.5 ],
							[ 2584452.2, 1220107.5 ],
							[ 2584452.2, 1220117.5 ],
							[ 2584522.2, 1220152.5 ],
							[ 2584529.7, 1220157.9 ],
							[ 2584550.2, 1220172.5 ],
							[ 2584445.2, 1220145.5 ],
							[ 2584420.2, 1220175.5 ],
							[ 2584379.2, 1220422.5 ],
							[ 2584367.2, 1220430.5 ],
							[ 2584297.4, 1220391.3 ],
							[ 2584245.7, 1220362.3 ],
							[ 2584180.2, 1220325.5 ],
							[ 2584117.2, 1220332.5 ],
							[ 2584045.2, 1220315.5 ],
							[ 2584035.2, 1220320.5 ],
							[ 2584027.2, 1220315.5 ],
							[ 2583782.2, 1220180.5 ],
							[ 2583607.2, 1220046.9 ],
							[ 2583457.2, 1219932.5 ],
							[ 2583450.2, 1219935.5 ],
							[ 2583313.8, 1219840.7 ],
							[ 2583292.2, 1219819.4 ],
							[ 2583274.2, 1219801.6 ],
							[ 2583249.6, 1219777.4 ],
							[ 2583222.2, 1219750.4 ],
							[ 2583215.4, 1219743.8 ],
							[ 2583182.3, 1219711.1 ],
							[ 2583147.9, 1219677.3 ],
							[ 2583085.2, 1219615.5 ],
							[ 2582316.2, 1218753.1 ],
							[ 2582261, 1218709.7 ],
							[ 2581971.7, 1218482.4 ],
							[ 2581053.2, 1217760.5 ],
							[ 2580928.2, 1217665.5 ],
							[ 2580787.9, 1217596.3 ],
							[ 2580640.2, 1217495.5 ],
							[ 2580606.6, 1217459.3 ],
							[ 2580611.3, 1217455.2 ],
							[ 2580580.5, 1217426.3 ],
							[ 2580305.1, 1217074.1 ],
							[ 2580300.5, 1217075.1 ],
							[ 2580267.7, 1217020.8 ],
							[ 2580263.4, 1217023.4 ],
							[ 2580214.6, 1216932.5 ],
							[ 2580215.7, 1216931.7 ],
							[ 2580214.7, 1216929.7 ],
							[ 2580084.2, 1216683.7 ],
							[ 2580106, 1216679.3 ],
							[ 2580033, 1216660.8 ],
							[ 2579945.2, 1216638.5 ],
							[ 2579905.2, 1216610.5 ],
							[ 2579736.8, 1216484.2 ],
							[ 2579706.5, 1216476.6 ],
							[ 2578373.1, 1215673.5 ],
							[ 2576868.1, 1214720.5 ],
							[ 2576830.2, 1214696.4 ],
							[ 2576809.6, 1214683.3 ],
							[ 2576798.5, 1214676.3 ],
							[ 2576604.4, 1214552.9 ],
							[ 2576212.6, 1214303.8 ],
							[ 2575776.1, 1214026.4 ],
							[ 2575403.3, 1213756.2 ],
							[ 2575175.8, 1213243.7 ],
							[ 2575146.6, 1213195.7 ],
							[ 2574953.6, 1212849.4 ],
							[ 2574771.5, 1212786.2 ],
							[ 2574746.7, 1212759.1 ],
							[ 2574745.4, 1212758.8 ],
							[ 2574744.9, 1212757.9 ],
							[ 2574738, 1212755.4 ],
							[ 2574677.8, 1212733.2 ],
							[ 2574580, 1212697.4 ],
							[ 2574470.1, 1212657.1 ],
							[ 2574334.9, 1212607.5 ],
							[ 2574197.5, 1212557.1 ],
							[ 2574090.1, 1212496.4 ],
							[ 2574039.6, 1212479.3 ],
							[ 2574038, 1212478.5 ],
							[ 2574013, 1212480.5 ],
							[ 2573982, 1212463.3 ],
							[ 2573864.2, 1212382.6 ],
							[ 2573835, 1212367.8 ],
							[ 2573795.6, 1212347.9 ],
							[ 2573780.6, 1212321.1 ],
							[ 2573771.1, 1212316 ],
							[ 2573328.4, 1212158.2 ],
							[ 2573306.3, 1212226.6 ],
							[ 2573305.3, 1212229.8 ],
							[ 2573290.9, 1212223.4 ],
							[ 2573286.2, 1212221.5 ],
							[ 2573281.7, 1212219.7 ],
							[ 2573276.7, 1212217.7 ],
							[ 2573250.1, 1212207.1 ],
							[ 2573214.7, 1212193 ],
							[ 2572162.2, 1211773 ],
							[ 2572270.6, 1211388.1 ],
							[ 2572332.7, 1211367 ],
							[ 2572511, 1211306.5 ],
							[ 2572573, 1211285.5 ]
						],
						[
							[ 2576501.2, 1212488.4 ],
							[ 2576643.2, 1212559.6 ],
							[ 2576943.4, 1212709.9 ],
							[ 2577072.2, 1213113.3 ],
							[ 2577111.5, 1213236.3 ],
							[ 2577206.8, 1213534.8 ],
							[ 2577292.7, 1213803.7 ],
							[ 2577321.2, 1213893 ],
							[ 2577348.9, 1213979.8 ],
							[ 2577879.1, 1213797.2 ],
							[ 2577875.9, 1213634.2 ],
							[ 2577874.2, 1213543.3 ],
							[ 2577873.8, 1213524 ],
							[ 2577873, 1213481 ],
							[ 2577872, 1213429.1 ],
							[ 2577862.2, 1213413.5 ],
							[ 2577812, 1213333.1 ],
							[ 2577773.4, 1213273.8 ],
							[ 2577741.7, 1213225.1 ],
							[ 2577734.1, 1213213.4 ],
							[ 2577686.1, 1213139.7 ],
							[ 2577675.7, 1213130.3 ],
							[ 2577687.3, 1213133.6 ],
							[ 2577573.7, 1213003.7 ],
							[ 2577299.2, 1212689.6 ],
							[ 2577289.1, 1212678.1 ],
							[ 2577069.8, 1212427.2 ],
							[ 2576893.8, 1212225.7 ],
							[ 2576834.3, 1212157.7 ],
							[ 2576546.2, 1211963.5 ],
							[ 2575955, 1211565 ],
							[ 2574676.7, 1210750.2 ],
							[ 2574308.9, 1210735 ],
							[ 2575776.6, 1211825.2 ],
							[ 2576048.8, 1212158.8 ],
							[ 2576190.8, 1212333 ],
							[ 2576501.2, 1212488.4 ]
						]
					]
				]
			},
			"properties" : {
				"SEENR" : 9148,
				"SEENAME" : "Bielersee / Lac de Bienne",
				"AREA_HA" : 3949,
				"E_CNTR" : 2578589,
				"N_CNTR" : 1213934,
				"E_MIN" : 2572175,
				"N_MIN" : 1209653,
				"E_MAX" : 2584632,
				"N_MAX" : 1220430,
				"REFDATE" : "20250101",
				"PUBDATE" : "20250131"
			}
		},
		{
			"type" : "Feature",
			"geometry" : {
				"type" : "MultiPolygon",
				"coordinates" : [
					[
						[
							[ 2569322, 1203332.3 ],
							[ 2569332, 1203357.3 ],
							[ 2569675, 1203257.3 ],
							[ 2569700, 1203267.3 ],
							[ 2569625, 1203447.3 ],
							[ 2569797, 1203505.3 ],
							[ 2569817.4, 1203519.4 ],
							[ 2569862.4, 1203550.4 ],
							[ 2569865, 1203552.3 ],
							[ 2569875, 1203575.3 ],
							[ 2569922.9, 1203732.3 ],
							[ 2569934.3, 1203732.3 ],
							[ 2569950, 1203732.3 ],
							[ 2570025.4, 1203717.8 ],
							[ 2570027.2, 1203717.7 ],
							[ 2570030.8, 1203717.5 ],
							[ 2570033.1, 1203717.4 ],
							[ 2570034.2, 1203717.4 ],
							[ 2570036.1, 1203717.5 ],
							[ 2570037.3, 1203717.5 ],
							[ 2570039.2, 1203717.6 ],
							[ 2570040.3, 1203717.7 ],
							[ 2570043.3, 1203718 ],
							[ 2570047, 1203718.5 ],
							[ 2570049.4, 1203719 ],
							[ 2570050.5, 1203719.2 ],
							[ 2570052.5, 1203719.7 ],
							[ 2570053.7, 1203719.9 ],
							[ 2570055.7, 1203720.4 ],
							[ 2570056.8, 1203720.8 ],
							[ 2570059.9, 1203721.7 ],
							[ 2570063.4, 1203722.8 ],
							[ 2570066.1, 1203723.9 ],
							[ 2570067.2, 1203724.3 ],
							[ 2570069.3, 1203725.1 ],
							[ 2570070.4, 1203725.6 ],
							[ 2570072.5, 1203726.5 ],
							[ 2570073.6, 1203727.1 ],
							[ 2570075.8, 1203728.1 ],
							[ 2570076.8, 1203728.6 ],
							[ 2570080, 1203730.3 ],
							[ 2570077, 1203762.3 ],
							[ 2570053.1, 1203770.5 ],
							[ 2570051.9, 1203771.2 ],
							[ 2570050.8, 1203771.8 ],
							[ 2570049.4, 1203772.7 ],
							[ 2570120, 1203845.3 ],
							[ 2570155, 1203835.3 ],
							[ 2570156.9, 1203835.1 ],
							[ 2570158.7, 1203834.9 ],
							[ 2570160.4, 1203834.6 ],
							[ 2570162.1, 1203834.1 ],
							[ 2570163.9, 1203833.6 ],
							[ 2570166.1, 1203832.9 ],
							[ 2570168.3, 1203832 ],
							[ 2570170.4, 1203831.2 ],
							[ 2570172.5, 1203830.2 ],
							[ 2570174.7, 1203829.2 ],
							[ 2570177.1, 1203827.9 ],
							[ 2570179.9, 1203826.4 ],
							[ 2570181.5, 1203825.5 ],
							[ 2570182.4, 1203825 ],
							[ 2570184, 1203824 ],
							[ 2570184.9, 1203823.5 ],
							[ 2570187.4, 1203821.9 ],
							[ 2570190, 1203820.3 ],
							[ 2570252, 1203949.8 ],
							[ 2570279.2, 1203947.6 ],
							[ 2570290.4, 1203940.2 ],
							[ 2570313.5, 1203935.9 ],
							[ 2570335, 1203945.1 ],
							[ 2570397, 1204110.3 ],
							[ 2570352, 1204152.3 ],
							[ 2570367, 1204180.3 ],
							[ 2570342, 1204197.3 ],
							[ 2570348.1, 1204214.7 ],
							[ 2570285.7, 1204328.7 ],
							[ 2570050.7, 1204707.6 ],
							[ 2570053.7, 1204708.9 ],
							[ 2570057, 1204710.3 ],
							[ 2570048.7, 1204717.6 ],
							[ 2569996.9, 1204748.4 ],
							[ 2569993.7, 1204819.3 ],
							[ 2569992, 1204855.3 ],
							[ 2569988.2, 1204871.8 ],
							[ 2569977, 1204920.3 ],
							[ 2569955, 1204947.6 ],
							[ 2569942.2, 1204964.8 ],
							[ 2569938.9, 1204969.3 ],
							[ 2569893, 1205045.7 ],
							[ 2569854.3, 1205087.9 ],
							[ 2569835, 1205165.3 ],
							[ 2569795, 1205180.3 ],
							[ 2569721.5, 1205277.4 ],
							[ 2569713.9, 1205286.8 ],
							[ 2569710, 1205291.7 ],
							[ 2569693.2, 1205311.5 ],
							[ 2569674.6, 1205332.3 ],
							[ 2569663.5, 1205340.9 ],
							[ 2569640.9, 1205353.2 ],
							[ 2569633.6, 1205426.3 ],
							[ 2569628.7, 1205475 ],
							[ 2569612.2, 1205519.9 ],
							[ 2569593.5, 1205571 ],
							[ 2569577.1, 1205615.8 ],
							[ 2569570, 1205627.4 ],
							[ 2569528.1, 1205667.9 ],
							[ 2569385.6, 1205790.3 ],
							[ 2568926.9, 1206032.4 ],
							[ 2568924.1, 1206033.4 ],
							[ 2568922.7, 1206033.7 ],
							[ 2568919.8, 1206034.2 ],
							[ 2568757.8, 1206097.5 ],
							[ 2568742.4, 1206095 ],
							[ 2568708, 1206123.4 ],
							[ 2568650, 1206128.4 ],
							[ 2568635.5, 1206033.8 ],
							[ 2568624, 1206027.6 ],
							[ 2568507, 1205965.4 ],
							[ 2568527, 1205965.4 ],
							[ 2568414.6, 1205809.2 ],
							[ 2568412.2, 1205808.5 ],
							[ 2568082.6, 1205549.3 ],
							[ 2568173.7, 1206048.3 ],
							[ 2568116.9, 1206075.7 ],
							[ 2568016.2, 1206058 ],
							[ 2567981.4, 1206070 ],
							[ 2567486.9, 1205842.4 ],
							[ 2567504.9, 1205812.4 ],
							[ 2567116.7, 1205790.8 ],
							[ 2566642.7, 1206076.7 ],
							[ 2566397.9, 1206080.5 ],
							[ 2566207.9, 1206462.4 ],
							[ 2566135.9, 1206475.4 ],
							[ 2565789.3, 1206740 ],
							[ 2565674.5, 1206804.9 ],
							[ 2565669.3, 1206533.6 ],
							[ 2565533.8, 1206737.2 ],
							[ 2565390.5, 1206700.5 ],
							[ 2565511.8, 1206542.4 ],
							[ 2565488.7, 1206558.8 ],
							[ 2565486.7, 1206561.7 ],
							[ 2565485.3, 1206563.6 ],
							[ 2565484.6, 1206564.5 ],
							[ 2565483.4, 1206566.3 ],
							[ 2565482.6, 1206567.3 ],
							[ 2565481.3, 1206569.2 ],
							[ 2565480.5, 1206570.3 ],
							[ 2565478.9, 1206572.6 ],
							[ 2565478.3, 1206573.4 ],
							[ 2565475.5, 1206577.5 ],
							[ 2565473.5, 1206580.3 ],
							[ 2565472.7, 1206581.6 ],
							[ 2565470.9, 1206584.1 ],
							[ 2565469.9, 1206585.6 ],
							[ 2565468.2, 1206588.1 ],
							[ 2565467.1, 1206589.6 ],
							[ 2565465.1, 1206592.6 ],
							[ 2565464.3, 1206593.8 ],
							[ 2565460.9, 1206598.8 ],
							[ 2565458.1, 1206602.9 ],
							[ 2565457, 1206604.4 ],
							[ 2565454.8, 1206607.7 ],
							[ 2565453.6, 1206609.5 ],
							[ 2565451.4, 1206612.8 ],
							[ 2565450.1, 1206614.7 ],
							[ 2565447.7, 1206618.3 ],
							[ 2565446.5, 1206620 ],
							[ 2565442.8, 1206625.4 ],
							[ 2565371, 1206666.6 ],
							[ 2565368.1, 1206666.7 ],
							[ 2565083, 1206769.7 ],
							[ 2565081.7, 1206770.2 ],
							[ 2565078.3, 1206771.4 ],
							[ 2565144.8, 1206871.4 ],
							[ 2564573.4, 1206520.6 ],
							[ 2564749.8, 1206512.7 ],
							[ 2564413.4, 1206180.1 ],
							[ 2564099.5, 1206112.7 ],
							[ 2564388.4, 1206203.6 ],
							[ 2564282.8, 1206294.4 ],
							[ 2564168.8, 1206234.4 ],
							[ 2563923.2, 1205980 ],
							[ 2563906.3, 1205981.7 ],
							[ 2563904.4, 1205981.9 ],
							[ 2563532.8, 1205705.4 ],
							[ 2563290.3, 1205144.3 ],
							[ 2562939, 1205149.7 ],
							[ 2562893.3, 1205100 ],
							[ 2562832, 1205148.3 ],
							[ 2562762.5, 1205126.7 ],
							[ 2562735.4, 1205079.9 ],
							[ 2562717.8, 1205068.4 ],
							[ 2562669.8, 1205085.2 ],
							[ 2562662.8, 1205083.4 ],
							[ 2562714.8, 1204913.4 ],
							[ 2561881.1, 1204481.7 ],
							[ 2561675.6, 1204526.6 ],
							[ 2561671.7, 1204527.5 ],
							[ 2561652.3, 1204517.2 ],
							[ 2561585.4, 1204563.2 ],
							[ 2561504.5, 1204446.6 ],
							[ 2561463, 1204419 ],
							[ 2561451.4, 1204411.2 ],
							[ 2561314.8, 1204320.4 ],
							[ 2561307.8, 1204323.1 ],
							[ 2560845.3, 1204401.1 ],
							[ 2560714.8, 1204275.4 ],
							[ 2560706.3, 1204290.1 ],
							[ 2560696.2, 1204308 ],
							[ 2560677.5, 1204308.3 ],
							[ 2560627.2, 1204278.9 ],
							[ 2560578.7, 1204255.9 ],
							[ 2560574.5, 1204253.9 ],
							[ 2560484.8, 1204206.9 ],
							[ 2560460.6, 1204187 ],
							[ 2560378.9, 1204140.2 ],
							[ 2559974.1, 1203851 ],
							[ 2559932.3, 1203806.3 ],
							[ 2559596.2, 1203446.9 ],
							[ 2559489.4, 1203452.6 ],
							[ 2559452.5, 1203454.5 ],
							[ 2559282.2, 1203463.5 ],
							[ 2559276.5, 1203463.8 ],
							[ 2559182.2, 1203443.6 ],
							[ 2559178.4, 1203441.6 ],
							[ 2559156.1, 1203429.1 ],
							[ 2559060.3, 1203375.8 ],
							[ 2559030.1, 1203359.1 ],
							[ 2558689.9, 1203169.8 ],
							[ 2558612.8, 1203283.4 ],
							[ 2558584.8, 1203268.4 ],
							[ 2558569.8, 1203220.4 ],
							[ 2557762.3, 1202982.2 ],
							[ 2557486.1, 1202512.7 ],
							[ 2557384.3, 1202591.5 ],
							[ 2557241.1, 1202480.2 ],
							[ 2557079.9, 1202355 ],
							[ 2557011.4, 1202301.7 ],
							[ 2557017.8, 1202113.4 ],
							[ 2557046, 1201805.2 ],
							[ 2557047.8, 1201785.4 ],
							[ 2557047.3, 1201733.7 ],
							[ 2557047.3, 1201730.1 ],
							[ 2557047.2, 1201727.8 ],
							[ 2557047.1, 1201715.8 ],
							[ 2557037.8, 1200700.4 ],
							[ 2556978.4, 1200525.5 ],
							[ 2556908.2, 1200318.6 ],
							[ 2556798.3, 1199994.5 ],
							[ 2556794.2, 1199781.9 ],
							[ 2556789.8, 1199545.4 ],
							[ 2556777.8, 1199495.4 ],
							[ 2556751.1, 1199493.8 ],
							[ 2556659.8, 1199488.4 ],
							[ 2556604.8, 1199475.4 ],
							[ 2556592.8, 1199460.4 ],
							[ 2556579.8, 1199433.4 ],
							[ 2556572.8, 1199428.4 ],
							[ 2556539.8, 1199433.4 ],
							[ 2556519.8, 1199423.4 ],
							[ 2556467.8, 1199410.4 ],
							[ 2555979.2, 1199036.1 ],
							[ 2555546.8, 1199009.7 ],
							[ 2555458.2, 1198815.5 ],
							[ 2555464.7, 1198805.4 ],
							[ 2554960.3, 1198795.2 ],
							[ 2554364.7, 1198110.3 ],
							[ 2554364.7, 1198093.3 ],
							[ 2554372.7, 1198078.3 ],
							[ 2554187.7, 1197348.3 ],
							[ 2553769.7, 1197490.3 ],
							[ 2553687.7, 1197473.3 ],
							[ 2553017.7, 1197083.4 ],
							[ 2552806.3, 1196978.1 ],
							[ 2552782.4, 1196989.7 ],
							[ 2552369.6, 1196495.4 ],
							[ 2552327.9, 1196476.1 ],
							[ 2552326.1, 1196475.5 ],
							[ 2552323, 1196474.5 ],
							[ 2552320.1, 1196473.7 ],
							[ 2552318.5, 1196473.2 ],
							[ 2552317.5, 1196472.9 ],
							[ 2552314.9, 1196472.1 ],
							[ 2552312.4, 1196471.4 ],
							[ 2552309.4, 1196470.6 ],
							[ 2552306.4, 1196469.9 ],
							[ 2552303.8, 1196469.3 ],
							[ 2552301.2, 1196468.7 ],
							[ 2552298.7, 1196468.2 ],
							[ 2552295.9, 1196467.6 ],
							[ 2552292.8, 1196467 ],
							[ 2552290.2, 1196466.6 ],
							[ 2552287.7, 1196466.1 ],
							[ 2552285.1, 1196465.7 ],
							[ 2552282.6, 1196465.4 ],
							[ 2551692.7, 1196213.4 ],
							[ 2550892.7, 1195145.4 ],
							[ 2550617.6, 1194968.8 ],
							[ 2550462.5, 1194805 ],
							[ 2550374.7, 1194525.4 ],
							[ 2550347.7, 1194548.4 ],
							[ 2550152.7, 1194325.4 ],
							[ 2550109.7, 1194305.5 ],
							[ 2550049.8, 1194283.1 ],
							[ 2550044.3, 1194284.9 ],
							[ 2549999.7, 1194210.5 ],
							[ 2549694.1, 1193598.2 ],
							[ 2549377.7, 1193553.4 ],
							[ 2549299.7, 1193558.4 ],
							[ 2549232, 1193507.7 ],
							[ 2549144.5, 1193442.1 ],
							[ 2548954.4, 1193299.5 ],
							[ 2548953.4, 1193300.2 ],
							[ 2548929, 1193305.3 ],
							[ 2548925.5, 1193299.7 ],
							[ 2548838.3, 1193144.9 ],
							[ 2548762.1, 1193009.7 ],
							[ 2548569.1, 1192667 ],
							[ 2548555.6, 1192621.3 ],
							[ 2548527.7, 1192573.4 ],
							[ 2548524.8, 1192559.1 ],
							[ 2548532.5, 1192528.4 ],
							[ 2548529.3, 1192528.4 ],
							[ 2548354.7, 1192140.4 ],
							[ 2548331.4, 1192099.9 ],
							[ 2548319, 1192102.2 ],
							[ 2548291.5, 1191985.4 ],
							[ 2548283.8, 1191985.4 ],
							[ 2548125.4, 1191814.5 ],
							[ 2548075.1, 1191703.2 ],
							[ 2547879.7, 1191270.4 ],
							[ 2547797.7, 1191077.5 ],
							[ 2547793.2, 1191059.2 ],
							[ 2547707.5, 1190708.4 ],
							[ 2547634.9, 1190633.4 ],
							[ 2547630.4, 1190628.9 ],
							[ 2547631.5, 1190624.2 ],
							[ 2547567.1, 1190447.2 ],
							[ 2547568.3, 1190446.4 ],
							[ 2547287.7, 1190213.4 ],
							[ 2547257.7, 1190208.4 ],
							[ 2546464.4, 1189639.8 ],
							[ 2546413.1, 1189603.1 ],
							[ 2546279.3, 1189507.2 ],
							[ 2546248.9, 1189485.4 ],
							[ 2546212.8, 1189459.5 ],
							[ 2546207.6, 1189455.8 ],
							[ 2546050.7, 1189336.7 ],
							[ 2546048.7, 1189335.2 ],
							[ 2546022.9, 1189323.4 ],
							[ 2545774.7, 1189145.4 ],
							[ 2545737.7, 1189140.4 ],
							[ 2545654.5, 1189115.8 ],
							[ 2545576.5, 1189093.8 ],
							[ 2544912.7, 1188690.5 ],
							[ 2544894.1, 1188668.7 ],
							[ 2543878.3, 1187475.9 ],
							[ 2543869.7, 1187473.5 ],
							[ 2543473.3, 1187249.3 ],
							[ 2543292.4, 1187120 ],
							[ 2543152.2, 1187039.7 ],
							[ 2543084.7, 1186910.5 ],
							[ 2542987.7, 1186893.9 ],
							[ 2542985.6, 1186893.4 ],
							[ 2542980.4, 1186892.2 ],
							[ 2542972.3, 1186890.2 ],
							[ 2542970.5, 1186889.8 ],
							[ 2542964.5, 1186888.3 ],
							[ 2542961.9, 1186887.6 ],
							[ 2542957, 1186886.3 ],
							[ 2542954.3, 1186885.6 ],
							[ 2542949.8, 1186884.3 ],
							[ 2542947.3, 1186883.6 ],
							[ 2542942.5, 1186882.3 ],
							[ 2542940.6, 1186881.7 ],
							[ 2542934.3, 1186879.8 ],
							[ 2542933.2, 1186879.5 ],
							[ 2542928.4, 1186878 ],
							[ 2542926.4, 1186877.3 ],
							[ 2542922.7, 1186876.1 ],
							[ 2542920.7, 1186875.4 ],
							[ 2542917.3, 1186874.2 ],
							[ 2542915.5, 1186873.5 ],
							[ 2542912.1, 1186872.3 ],
							[ 2542910.6, 1186871.7 ],
							[ 2542905.6, 1186869.7 ],
							[ 2542902, 1186868.1 ],
							[ 2542900.7, 1186867.5 ],
							[ 2542898.2, 1186866.4 ],
							[ 2542896.8, 1186865.7 ],
							[ 2542894.7, 1186864.6 ],
							[ 2542893.4, 1186863.9 ],
							[ 2542891.4, 1186862.7 ],
							[ 2542890.4, 1186862.2 ],
							[ 2542887.7, 1186860.5 ],
							[ 2542702.7, 1186800.5 ],
							[ 2542690.8, 1186782.4 ],
							[ 2542334.5, 1186244.3 ],
							[ 2542322.7, 1186243.5 ],
							[ 2542039.7, 1186010.5 ],
							[ 2541977.7, 1185973.5 ],
							[ 2541494.9, 1185673.1 ],
							[ 2541446.9, 1185642.2 ],
							[ 2540087.4, 1184821.7 ],
							[ 2540080.6, 1184820.5 ],
							[ 2539434.6, 1184379.4 ],
							[ 2539277.8, 1184239.5 ],
							[ 2539005.7, 1184086.6 ],
							[ 2538769.8, 1183925.5 ],
							[ 2538607.8, 1183453.5 ],
							[ 2538749.8, 1183111.6 ],
							[ 2538764.8, 1183075.6 ],
							[ 2538766.8, 1183062.5 ],
							[ 2538767.8, 1183055.6 ],
							[ 2538742.8, 1183030.6 ],
							[ 2538722.8, 1183013.6 ],
							[ 2538731.3, 1182963.6 ],
							[ 2538735.9, 1182936.4 ],
							[ 2538737, 1182936 ],
							[ 2538744.1, 1182933.8 ],
							[ 2538768.4, 1182926 ],
							[ 2538803.7, 1182891.8 ],
							[ 2538838.9, 1182848 ],
							[ 2538843.6, 1182841.8 ],
							[ 2538881.1, 1182792.3 ],
							[ 2538975.9, 1182667.2 ],
							[ 2538990.5, 1182648 ],
							[ 2539012.8, 1182618.6 ],
							[ 2539025, 1182602.4 ],
							[ 2539034.8, 1182610.6 ],
							[ 2539049.8, 1182630.6 ],
							[ 2539099.8, 1182663.6 ],
							[ 2539182.8, 1182683.6 ],
							[ 2539214.8, 1182675.6 ],
							[ 2539224.8, 1182665.6 ],
							[ 2539229.8, 1182638.6 ],
							[ 2539229.8, 1182630.6 ],
							[ 2539267.8, 1182600.6 ],
							[ 2539287.8, 1182560.6 ],
							[ 2539287.8, 1182528.6 ],
							[ 2539309.8, 1182513.6 ],
							[ 2539342.8, 1182463.6 ],
							[ 2539354.8, 1182425.6 ],
							[ 2539374.8, 1182413.6 ],
							[ 2539382.8, 1182413.6 ],
							[ 2539399.8, 1182400.6 ],
							[ 2539419.8, 1182370.6 ],
							[ 2539282.8, 1182260.6 ],
							[ 2539364.8, 1182153.6 ],
							[ 2539458.4, 1182071.7 ],
							[ 2539539.8, 1182000.6 ],
							[ 2539569.8, 1181975.6 ],
							[ 2539601.6, 1181987.6 ],
							[ 2539604.1, 1181988.6 ],
							[ 2539607, 1181990.3 ],
							[ 2539608.2, 1181990.7 ],
							[ 2539594.8, 1181925.6 ],
							[ 2539601.4, 1181923 ],
							[ 2539609.5, 1181919.8 ],
							[ 2539612.8, 1181918.6 ],
							[ 2539633.1, 1181892.3 ],
							[ 2539639.6, 1181884 ],
							[ 2539657.8, 1181860.6 ],
							[ 2539674.8, 1181875.6 ],
							[ 2539695.8, 1181905.7 ],
							[ 2539697.8, 1181908.6 ],
							[ 2539819.1, 1181905.6 ],
							[ 2539904.8, 1181903.6 ],
							[ 2539909.2, 1181883 ],
							[ 2539909.8, 1181880.6 ],
							[ 2540204.4, 1181875 ],
							[ 2540241.4, 1181874.3 ],
							[ 2540362.5, 1181872 ],
							[ 2540437.8, 1181870.6 ],
							[ 2540450.1, 1181882.4 ],
							[ 2540482.8, 1181913.6 ],
							[ 2540534.8, 1181948.6 ],
							[ 2540611, 1181972 ],
							[ 2540957.8, 1182078.5 ],
							[ 2541019.8, 1182070.5 ],
							[ 2541199.8, 1182205.5 ],
							[ 2541247.8, 1182225.5 ],
							[ 2541334.8, 1182245.5 ],
							[ 2541394.8, 1182283.5 ],
							[ 2541437.8, 1182348.5 ],
							[ 2541463.2, 1182360.4 ],
							[ 2541482.8, 1182360.5 ],
							[ 2541812.8, 1182545.5 ],
							[ 2541864.8, 1182588.5 ],
							[ 2542260.1, 1182773.2 ],
							[ 2542517.8, 1182893.5 ],
							[ 2542621, 1182986.7 ],
							[ 2542701, 1183023.4 ],
							[ 2542742.8, 1183040.5 ],
							[ 2542787.8, 1183068.5 ],
							[ 2542932.8, 1183163.5 ],
							[ 2543037.8, 1183185.5 ],
							[ 2543056.2, 1183194.3 ],
							[ 2543164.3, 1183260.5 ],
							[ 2543357.8, 1183353.5 ],
							[ 2543394.8, 1183373.5 ],
							[ 2543512.8, 1183388.5 ],
							[ 2543658.9, 1183463 ],
							[ 2544977.8, 1184135.4 ],
							[ 2544985.2, 1184136.5 ],
							[ 2544987.5, 1184136.8 ],
							[ 2544992.4, 1184137.5 ],
							[ 2544995, 1184137.9 ],
							[ 2544999.3, 1184138.5 ],
							[ 2545001.8, 1184138.8 ],
							[ 2545006.1, 1184139.3 ],
							[ 2545008.3, 1184139.6 ],
							[ 2545014.4, 1184140.3 ],
							[ 2545020.1, 1184140.9 ],
							[ 2545021.8, 1184141.1 ],
							[ 2545025.6, 1184141.4 ],
							[ 2545027.6, 1184141.6 ],
							[ 2545030.8, 1184141.9 ],
							[ 2545032.7, 1184142 ],
							[ 2545035.9, 1184142.3 ],
							[ 2545037.5, 1184142.4 ],
							[ 2545041.9, 1184142.6 ],
							[ 2545046, 1184142.8 ],
							[ 2545047.1, 1184142.8 ],
							[ 2545049.8, 1184142.8 ],
							[ 2545051.1, 1184142.8 ],
							[ 2545053.3, 1184142.8 ],
							[ 2545054.6, 1184142.8 ],
							[ 2545056.6, 1184142.7 ],
							[ 2545057.7, 1184142.6 ],
							[ 2545060.4, 1184142.4 ],
							[ 2545063.8, 1184141.9 ],
							[ 2545132.8, 1184153.4 ],
							[ 2545145.3, 1184155.5 ],
							[ 2545147.8, 1184183.4 ],
							[ 2545294.8, 1184132.9 ],
							[ 2545409.8, 1184093.4 ],
							[ 2545438, 1184087 ],
							[ 2545440.5, 1184087.1 ],
							[ 2545442.8, 1184087.2 ],
							[ 2545444.8, 1184087.3 ],
							[ 2545446.9, 1184087.2 ],
							[ 2545448.9, 1184087.2 ],
							[ 2545451.3, 1184087.1 ],
							[ 2545453.6, 1184086.9 ],
							[ 2545455.7, 1184086.7 ],
							[ 2545457.7, 1184086.5 ],
							[ 2545459.8, 1184086.2 ],
							[ 2545462, 1184085.8 ],
							[ 2545464.5, 1184085.4 ],
							[ 2545466.6, 1184084.9 ],
							[ 2545468.7, 1184084.5 ],
							[ 2545470.7, 1184084 ],
							[ 2545472.8, 1184083.4 ],
							[ 2545558, 1184095.4 ],
							[ 2545605.4, 1184109.5 ],
							[ 2545834.8, 1184215.4 ],
							[ 2545949.8, 1184160.4 ],
							[ 2546157.8, 1184138.4 ],
							[ 2546189.6, 1184124.5 ],
							[ 2546190.5, 1184124 ],
							[ 2546193.1, 1184122.6 ],
							[ 2546194.9, 1184121.7 ],
							[ 2546195.8, 1184121.3 ],
							[ 2546197.7, 1184120.5 ],
							[ 2546198.8, 1184120 ],
							[ 2546200.9, 1184119.2 ],
							[ 2546202.1, 1184118.7 ],
							[ 2546204.6, 1184117.7 ],
							[ 2546205.6, 1184117.3 ],
							[ 2546210.4, 1184115.5 ],
							[ 2546213.9, 1184114.3 ],
							[ 2546215.5, 1184113.7 ],
							[ 2546218.6, 1184112.6 ],
							[ 2546220.4, 1184112 ],
							[ 2546223.7, 1184110.9 ],
							[ 2546225.6, 1184110.3 ],
							[ 2546229.5, 1184109 ],
							[ 2546231.1, 1184108.5 ],
							[ 2546237.7, 1184106.4 ],
							[ 2546243.2, 1184104.7 ],
							[ 2546245.4, 1184104 ],
							[ 2546249.8, 1184102.7 ],
							[ 2546252.4, 1184101.9 ],
							[ 2546256.9, 1184100.6 ],
							[ 2546259.6, 1184099.8 ],
							[ 2546264.6, 1184098.3 ],
							[ 2546267, 1184097.6 ],
							[ 2546274.8, 1184095.4 ],
							[ 2546408.8, 1184060.6 ],
							[ 2546466.4, 1184058.7 ],
							[ 2546509.8, 1184060.4 ],
							[ 2546534.8, 1184068.4 ],
							[ 2546807.8, 1184250.4 ],
							[ 2546794.8, 1184305.4 ],
							[ 2546842.8, 1184218.4 ],
							[ 2546859.8, 1184180.4 ],
							[ 2546858.9, 1184127.4 ],
							[ 2546924.2, 1184070.4 ],
							[ 2546919.4, 1184042.3 ],
							[ 2546949.8, 1184022.3 ],
							[ 2547122.5, 1183828.2 ],
							[ 2547156.9, 1183799.1 ],
							[ 2547158.1, 1183797.7 ],
							[ 2547559.1, 1183733.1 ],
							[ 2547573.2, 1183712.7 ],
							[ 2547684.7, 1183723.4 ],
							[ 2547702.7, 1183740.4 ],
							[ 2548059.7, 1183810.4 ],
							[ 2548112.7, 1183820.4 ],
							[ 2548139.7, 1183858.4 ],
							[ 2548174.7, 1183865.4 ],
							[ 2548204.7, 1183878.3 ],
							[ 2548749.7, 1184415.3 ],
							[ 2548755.4, 1184418 ],
							[ 2548767.3, 1184423.4 ],
							[ 2548771.3, 1184425.9 ],
							[ 2548784.9, 1184434.8 ],
							[ 2548966.3, 1184615.4 ],
							[ 2548971.5, 1184619.5 ],
							[ 2549049.9, 1184689.1 ],
							[ 2549073.2, 1184701.5 ],
							[ 2549367.1, 1184989.5 ],
							[ 2549370.8, 1184990 ],
							[ 2549409.3, 1185028.4 ],
							[ 2549919.6, 1185488.3 ],
							[ 2549932.6, 1185540.3 ],
							[ 2549957.6, 1185545.3 ],
							[ 2550092.6, 1185578.3 ],
							[ 2550078.2, 1185440.3 ],
							[ 2550111, 1185401.5 ],
							[ 2550162.1, 1185483.3 ],
							[ 2550172.6, 1185518.3 ],
							[ 2550107.6, 1185585.3 ],
							[ 2550262.6, 1185925.3 ],
							[ 2550332.6, 1185805.3 ],
							[ 2550457.5, 1185903.3 ],
							[ 2550489.6, 1185933.3 ],
							[ 2550366.3, 1185888.6 ],
							[ 2550363.9, 1185889.2 ],
							[ 2550333.8, 1185899.4 ],
							[ 2550364.6, 1186135.3 ],
							[ 2550452.6, 1186210.3 ],
							[ 2550666.7, 1186443 ],
							[ 2550674.1, 1186441.9 ],
							[ 2550707.6, 1186428.3 ],
							[ 2550717.6, 1186428.3 ],
							[ 2550744.6, 1186445.3 ],
							[ 2551254.7, 1187015.3 ],
							[ 2551267.7, 1187035.3 ],
							[ 2551862.7, 1187538.3 ],
							[ 2552414.9, 1187944.1 ],
							[ 2552978.7, 1187967 ],
							[ 2553672.7, 1188360.3 ],
							[ 2553687.7, 1188363.3 ],
							[ 2553691, 1188370.5 ],
							[ 2553694.7, 1188378.3 ],
							[ 2553682.7, 1188405.3 ],
							[ 2553684.7, 1188430.3 ],
							[ 2553849.7, 1188473.3 ],
							[ 2553879.7, 1188495.3 ],
							[ 2553892.3, 1188503.9 ],
							[ 2553960.2, 1188529.4 ],
							[ 2553982.7, 1188563.3 ],
							[ 2553972.7, 1188578.3 ],
							[ 2553952.7, 1188593.3 ],
							[ 2553980.4, 1188643.6 ],
							[ 2553989.9, 1188647.9 ],
							[ 2554179.8, 1188795.4 ],
							[ 2554222.7, 1188830.3 ],
							[ 2554237.7, 1188883.3 ],
							[ 2554269.7, 1188883.3 ],
							[ 2554269.7, 1188903.3 ],
							[ 2554219.7, 1188905.3 ],
							[ 2554264.7, 1188980.3 ],
							[ 2554327.7, 1188953.3 ],
							[ 2554352.7, 1189038.3 ],
							[ 2554339.7, 1189055.3 ],
							[ 2554286.8, 1189212.3 ],
							[ 2554352.7, 1189200.3 ],
							[ 2554412.7, 1189195.3 ],
							[ 2554429.7, 1189200.3 ],
							[ 2554584.7, 1189250.3 ],
							[ 2554534.7, 1189200.3 ],
							[ 2554657.3, 1189182 ],
							[ 2554622.7, 1189390.3 ],
							[ 2554649.7, 1189428.3 ],
							[ 2554679.7, 1189445.3 ],
							[ 2554864.5, 1189686 ],
							[ 2554870.3, 1189690.4 ],
							[ 2554910.9, 1189714.8 ],
							[ 2554912.6, 1189714.3 ],
							[ 2554916.2, 1189713.2 ],
							[ 2554933.1, 1189707.9 ],
							[ 2554965.5, 1189692.9 ],
							[ 2554977.8, 1189686.4 ],
							[ 2555423, 1189928.9 ],
							[ 2555427.4, 1189887.7 ],
							[ 2555472.8, 1189690.3 ],
							[ 2555544.8, 1190037.4 ],
							[ 2555549.4, 1190043.2 ],
							[ 2555596.4, 1190061.3 ],
							[ 2555663.5, 1189905.3 ],
							[ 2555772.8, 1190068.3 ],
							[ 2555775.9, 1190073 ],
							[ 2555780.5, 1190079.7 ],
							[ 2555789.1, 1190092.4 ],
							[ 2555797.8, 1190105.3 ],
							[ 2555847.8, 1190198.3 ],
							[ 2555862.8, 1190213.3 ],
							[ 2555874.8, 1190345.3 ],
							[ 2555834.8, 1190368.3 ],
							[ 2555827.8, 1190380.3 ],
							[ 2555862.8, 1190363.3 ],
							[ 2555904.8, 1190355.3 ],
							[ 2555905.9, 1190355.7 ],
							[ 2555912.7, 1190357.9 ],
							[ 2555929.8, 1190378.3 ],
							[ 2555964.8, 1190420.3 ],
							[ 2556052.8, 1190463.3 ],
							[ 2556166.9, 1190626 ],
							[ 2556168, 1190626.3 ],
							[ 2556194.8, 1190630.3 ],
							[ 2556385.8, 1190853.6 ],
							[ 2556527.5, 1190987.3 ],
							[ 2556531.1, 1190988.2 ],
							[ 2556621.1, 1190963.4 ],
							[ 2556869.9, 1191370.3 ],
							[ 2556915.1, 1191384.7 ],
							[ 2557124.9, 1191648.3 ],
							[ 2557109.9, 1191675.3 ],
							[ 2557338.4, 1191833 ],
							[ 2557340.4, 1191834 ],
							[ 2557342.7, 1191835.3 ],
							[ 2557348.4, 1191838.3 ],
							[ 2557351.1, 1191839.8 ],
							[ 2557353.6, 1191841.1 ],
							[ 2557356.2, 1191842.5 ],
							[ 2557358.7, 1191843.9 ],
							[ 2557609.9, 1192183.3 ],
							[ 2557807.9, 1192480.3 ],
							[ 2557769.8, 1192489.8 ],
							[ 2557767.9, 1192490.3 ],
							[ 2557766, 1192492.6 ],
							[ 2557765.1, 1192493.7 ],
							[ 2557759.9, 1192500.3 ],
							[ 2557784.9, 1192523.3 ],
							[ 2557774.9, 1192535 ],
							[ 2557764.9, 1192553.3 ],
							[ 2557921.4, 1192694.4 ],
							[ 2558082.3, 1192787.4 ],
							[ 2558112, 1192807.9 ],
							[ 2558269.9, 1193055.3 ],
							[ 2558272.7, 1193056.8 ],
							[ 2558274.3, 1193057.7 ],
							[ 2558277, 1193059.1 ],
							[ 2558284.9, 1193063.3 ],
							[ 2558387.8, 1193252 ],
							[ 2558393.3, 1193253 ],
							[ 2558498.4, 1193236.3 ],
							[ 2558504.9, 1193233 ],
							[ 2558525.3, 1193222.4 ],
							[ 2558594.9, 1193298.3 ],
							[ 2558644.9, 1193355.3 ],
							[ 2558717.9, 1193333.3 ],
							[ 2558737.9, 1193345.3 ],
							[ 2558767.9, 1193395.3 ],
							[ 2558752.9, 1193403.3 ],
							[ 2558729.9, 1193438.3 ],
							[ 2559008.1, 1193790.6 ],
							[ 2558964.3, 1193834.3 ],
							[ 2558962.3, 1193835.1 ],
							[ 2558864.9, 1193863.3 ],
							[ 2558939.9, 1193968.3 ],
							[ 2558942.9, 1194000.3 ],
							[ 2558944.9, 1194005.3 ],
							[ 2558922.9, 1194043.3 ],
							[ 2558912.9, 1194048.3 ],
							[ 2558912.9, 1194060.3 ],
							[ 2558707.9, 1194413.3 ],
							[ 2558717.9, 1194423.3 ],
							[ 2558770.6, 1194332.6 ],
							[ 2558866.8, 1194166.9 ],
							[ 2558922.4, 1194071.2 ],
							[ 2558932.5, 1194068.4 ],
							[ 2558973.9, 1194021.9 ],
							[ 2559239.9, 1194173.3 ],
							[ 2559224.9, 1194240.3 ],
							[ 2559523.4, 1194415.6 ],
							[ 2559542.6, 1194416.7 ],
							[ 2559699.9, 1194500.3 ],
							[ 2559822.9, 1194488.3 ],
							[ 2559939.9, 1194575.3 ],
							[ 2560593.2, 1195061.9 ],
							[ 2560654.1, 1194991 ],
							[ 2560654.2, 1194989.5 ],
							[ 2560739.2, 1194890.5 ],
							[ 2560769.1, 1194855.7 ],
							[ 2560798.3, 1194879.5 ],
							[ 2561007.9, 1195055.2 ],
							[ 2561011.2, 1195092.3 ],
							[ 2561007.9, 1195118.2 ],
							[ 2561099.3, 1195308 ],
							[ 2561092.8, 1195312.1 ],
							[ 2561091.4, 1195313.4 ],
							[ 2561169.5, 1195385.9 ],
							[ 2561198.3, 1195390 ],
							[ 2561199.9, 1195390.2 ],
							[ 2561154.9, 1195428.2 ],
							[ 2561079.9, 1195465.2 ],
							[ 2561288.4, 1195648.1 ],
							[ 2561324.2, 1195675 ],
							[ 2561326.6, 1195721.5 ],
							[ 2561379.9, 1195721.8 ],
							[ 2561650, 1195830.2 ],
							[ 2561651, 1195831.7 ],
							[ 2561938, 1196098.2 ],
							[ 2562101.8, 1196087.3 ],
							[ 2562104.4, 1196086.9 ],
							[ 2562253, 1196350.2 ],
							[ 2562295, 1196390.2 ],
							[ 2562413, 1196403.2 ],
							[ 2562428, 1196413.2 ],
							[ 2562433, 1196465.2 ],
							[ 2562510, 1196463.2 ],
							[ 2562585, 1196525.2 ],
							[ 2562658, 1196585.2 ],
							[ 2562655, 1196613.2 ],
							[ 2562673, 1196615.2 ],
							[ 2562695, 1196600.2 ],
							[ 2562695, 1196658.2 ],
							[ 2562766, 1196674.8 ],
							[ 2562783, 1196670.2 ],
							[ 2562800, 1196713.2 ],
							[ 2562808, 1196720.2 ],
							[ 2562859.3, 1196794.5 ],
							[ 2562862.6, 1196797.8 ],
							[ 2562863.4, 1196798.5 ],
							[ 2562865.9, 1196800.8 ],
							[ 2562867, 1196801.8 ],
							[ 2562869, 1196803.7 ],
							[ 2562870.2, 1196804.7 ],
							[ 2562872.1, 1196806.4 ],
							[ 2562873.2, 1196807.3 ],
							[ 2562875.3, 1196809 ],
							[ 2562876.1, 1196809.7 ],
							[ 2562879.4, 1196812.3 ],
							[ 2562881.6, 1196813.9 ],
							[ 2562882.5, 1196814.5 ],
							[ 2562884.2, 1196815.7 ],
							[ 2562885.2, 1196816.3 ],
							[ 2562886.8, 1196817.3 ],
							[ 2562887.7, 1196817.9 ],
							[ 2562890.1, 1196819.2 ],
							[ 2562892.6, 1196820.5 ],
							[ 2562895.2, 1196821.6 ],
							[ 2562897.4, 1196822.3 ],
							[ 2562899.4, 1196822.8 ],
							[ 2562901.2, 1196823.1 ],
							[ 2562903, 1196823.2 ],
							[ 2562915, 1196793.2 ],
							[ 2562998, 1196813.2 ],
							[ 2562995.1, 1196816.1 ],
							[ 2562993.7, 1196817.5 ],
							[ 2563025, 1197255.2 ],
							[ 2563005, 1197288.2 ],
							[ 2562983.7, 1197378.9 ],
							[ 2563005, 1197370.2 ],
							[ 2563035, 1197295.2 ],
							[ 2563033, 1197270.2 ],
							[ 2563060.1, 1197173.5 ],
							[ 2563063, 1197163.2 ],
							[ 2563085, 1197145.2 ],
							[ 2563151.5, 1197163.6 ],
							[ 2563168, 1197168.2 ],
							[ 2563274.8, 1197229.2 ],
							[ 2563288.1, 1197228.4 ],
							[ 2563350.1, 1197238 ],
							[ 2563351.8, 1197238.4 ],
							[ 2563369.8, 1197253.5 ],
							[ 2563414.7, 1197351.4 ],
							[ 2563434.3, 1197309.2 ],
							[ 2563561.2, 1197335.8 ],
							[ 2563564.1, 1197338 ],
							[ 2563566.8, 1197340.1 ],
							[ 2563569.3, 1197342.2 ],
							[ 2563563, 1197395.2 ],
							[ 2563649.9, 1197460.1 ],
							[ 2563676.5, 1197486.7 ],
							[ 2563678, 1197488.2 ],
							[ 2563682.9, 1197492.6 ],
							[ 2564093, 1197858.3 ],
							[ 2564140, 1197918.2 ],
							[ 2564228, 1197923.2 ],
							[ 2564258, 1197928.2 ],
							[ 2564333, 1197998.2 ],
							[ 2564530, 1198253.8 ],
							[ 2564608, 1198345.2 ],
							[ 2564658, 1198260.2 ],
							[ 2564799.9, 1198528.2 ],
							[ 2564869.9, 1198500.2 ],
							[ 2565234.9, 1199190.2 ],
							[ 2565377.9, 1199348.2 ],
							[ 2565492.9, 1199398.2 ],
							[ 2565690.1, 1199541.7 ],
							[ 2565714.2, 1199533.5 ],
							[ 2565941.3, 1199653 ],
							[ 2565962.1, 1199643.3 ],
							[ 2566221, 1199875.1 ],
							[ 2566186.8, 1199901.4 ],
							[ 2566264.9, 1199933.2 ],
							[ 2566352.9, 1199930.2 ],
							[ 2566399.9, 1200005.2 ],
							[ 2566478.4, 1200098.7 ],
							[ 2566532.6, 1200126.1 ],
							[ 2566874.6, 1200172.3 ],
							[ 2567528.7, 1200623.4 ],
							[ 2567589, 1200631.8 ],
							[ 2567719, 1200757.6 ],
							[ 2567767.6, 1200778 ],
							[ 2567796.9, 1200800.2 ],
							[ 2567767.6, 1200848.3 ],
							[ 2567764.9, 1200852.2 ],
							[ 2567703, 1200977 ],
							[ 2567689.7, 1200986.4 ],
							[ 2567684.9, 1201002.3 ],
							[ 2567694.9, 1200997.3 ],
							[ 2567784.9, 1200905.2 ],
							[ 2567831.9, 1200957.2 ],
							[ 2567846.9, 1200932.2 ],
							[ 2567873.5, 1200926.2 ],
							[ 2568198.4, 1201108.8 ],
							[ 2568197.4, 1201110.4 ],
							[ 2568196.4, 1201112 ],
							[ 2568396.9, 1201302.2 ],
							[ 2568431.9, 1201257.2 ],
							[ 2568435.3, 1201255.4 ],
							[ 2568441.6, 1201252.1 ],
							[ 2568442.5, 1201251.6 ],
							[ 2568455, 1201250.3 ],
							[ 2568506.9, 1201282.2 ],
							[ 2568711.9, 1201570.2 ],
							[ 2568738.2, 1201583.2 ],
							[ 2568776.9, 1201607.2 ],
							[ 2569494, 1202671.1 ],
							[ 2569487.4, 1202676.8 ],
							[ 2569505.8, 1202707.2 ],
							[ 2569501.3, 1202707.2 ],
							[ 2569480, 1202735.2 ],
							[ 2569483.3, 1202736.7 ],
							[ 2569485, 1202737.5 ],
							[ 2569486, 1202737.9 ],
							[ 2569487.7, 1202738.5 ],
							[ 2569488.6, 1202738.9 ],
							[ 2569491.3, 1202739.9 ],
							[ 2569493.9, 1202740.9 ],
							[ 2569497.4, 1202742.1 ],
							[ 2569499.3, 1202742.8 ],
							[ 2569500.3, 1202743.1 ],
							[ 2569502, 1202743.7 ],
							[ 2569503.1, 1202744 ],
							[ 2569504.9, 1202744.5 ],
							[ 2569505.9, 1202744.8 ],
							[ 2569508.7, 1202745.6 ],
							[ 2569512.3, 1202746.6 ],
							[ 2569514.4, 1202747.1 ],
							[ 2569515.4, 1202747.4 ],
							[ 2569517.3, 1202747.9 ],
							[ 2569518.4, 1202748.1 ],
							[ 2569520.3, 1202748.6 ],
							[ 2569521.3, 1202748.8 ],
							[ 2569524.3, 1202749.4 ],
							[ 2569580, 1202775.2 ],
							[ 2569600, 1202895.2 ],
							[ 2569598.4, 1202992.4 ],
							[ 2569598.7, 1202993.7 ],
							[ 2569598.9, 1202995 ],
							[ 2569578.8, 1203225.5 ],
							[ 2569317, 1203315.3 ],
							[ 2569317.5, 1203317.2 ],
							[ 2569320.8, 1203328.4 ],
							[ 2569322, 1203332.3 ]
						]
					]
				]
			},
			"properties" : {
				"SEENR" : 9151,
				"SEENAME" : "Lac de Neuchâtel",
				"AREA_HA" : 21513,
				"E_CNTR" : 2555641,
				"N_CNTR" : 1194882,
				"E_MIN" : 2538608,
				"N_MIN" : 1181794,
				"E_MAX" : 2570432,
				"N_MAX" : 1206875,
				"REFDATE" : "20250101",
				"PUBDATE" : "20250131"
			}
		},
		{
			"type" : "Feature",
			"geometry" : {
				"type" : "MultiPolygon",
				"coordinates" : [
					[
						[
							[ 2662100.8, 1229822 ],
							[ 2661344.8, 1229782.1 ],
							[ 2661193.9, 1229908.1 ],
							[ 2661105.8, 1229520 ],
							[ 2661183.5, 1229221.5 ],
							[ 2661017.4, 1229237.2 ],
							[ 2660944.1, 1228895.4 ],
							[ 2661625.4, 1227973.2 ],
							[ 2661992.8, 1227049.9 ],
							[ 2662452.2, 1226180 ],
							[ 2662837.4, 1225974.5 ],
							[ 2663124.6, 1225495.1 ],
							[ 2663187.5, 1225867.4 ],
							[ 2663467.4, 1225911.7 ],
							[ 2663534.6, 1226296.4 ],
							[ 2663221.4, 1227233.1 ],
							[ 2662925.8, 1227631.9 ],
							[ 2662697.7, 1229158.2 ],
							[ 2662100.8, 1229822 ]
						]
					]
				]
			},
			"properties" : {
				"SEENR" : 9157,
				"SEENAME" : "Baldeggersee",
				"AREA_HA" : 522,
				"E_CNTR" : 2662284,
				"N_CNTR" : 1227965,
				"E_MIN" : 2660943,
				"N_MIN" : 1225495,
				"E_MAX" : 2663535,
				"N_MAX" : 1229920,
				"REFDATE" : "20250101",
				"PUBDATE" : "20250131"
			}
		},
		{
			"type" : "Feature",
			"geometry" : {
				"type" : "MultiPolygon",
				"coordinates" : [
					[
						[
							[ 2653528.7, 1223945.1 ],
							[ 2652546.3, 1224796.3 ],
							[ 2652207.7, 1224685.4 ],
							[ 2652128.7, 1224968.1 ],
							[ 2651820.8, 1224877.6 ],
							[ 2652128.5, 1224571.3 ],
							[ 2651892, 1224565 ],
							[ 2651873.7, 1224165.1 ],
							[ 2651734.3, 1223702.1 ],
							[ 2651945, 1223426.8 ],
							[ 2651882.5, 1222859.9 ],
							[ 2652420.7, 1221968 ],
							[ 2653302.5, 1220939.7 ],
							[ 2655445.8, 1219295 ],
							[ 2656185.7, 1218820.9 ],
							[ 2656393.8, 1218825 ],
							[ 2656737.8, 1219210 ],
							[ 2656694.1, 1219476.3 ],
							[ 2657076.1, 1219822.4 ],
							[ 2657158.4, 1220145.3 ],
							[ 2656601.2, 1221232.2 ],
							[ 2655787.8, 1221962 ],
							[ 2654345.6, 1223016.8 ],
							[ 2653528.7, 1223945.1 ]
						]
					]
				]
			},
			"properties" : {
				"SEENR" : 9163,
				"SEENAME" : "Sempachersee",
				"AREA_HA" : 1439,
				"E_CNTR" : 2654353,
				"N_CNTR" : 1221713,
				"E_MIN" : 2651726,
				"N_MIN" : 1218820,
				"E_MAX" : 2657163,
				"N_MAX" : 1225000,
				"REFDATE" : "20250101",
				"PUBDATE" : "20250131"
			}
		},
		{
			"type" : "Feature",
			"geometry" : {
				"type" : "MultiPolygon",
				"coordinates" : [
					[
						[
							[ 2659135.7, 1233775 ],
							[ 2659317.7, 1233402 ],
							[ 2659491.5, 1233040.8 ],
							[ 2659777.7, 1233207 ],
							[ 2659892.7, 1233577.6 ],
							[ 2659704.2, 1233776.4 ],
							[ 2660135.6, 1234874.5 ],
							[ 2659752.7, 1236077 ],
							[ 2659735.8, 1236630 ],
							[ 2659023.3, 1238515 ],
							[ 2659146.7, 1238611.7 ],
							[ 2658969, 1239337 ],
							[ 2658645.8, 1240485 ],
							[ 2658261.2, 1240992.9 ],
							[ 2657868.7, 1241179.1 ],
							[ 2657695.9, 1241191.4 ],
							[ 2657776.7, 1240957.1 ],
							[ 2657587.8, 1240835.1 ],
							[ 2657533.6, 1240426.8 ],
							[ 2657470.8, 1239575 ],
							[ 2657980.8, 1237047 ],
							[ 2659135.7, 1233775 ]
						]
					]
				]
			},
			"properties" : {
				"SEENR" : 9172,
				"SEENAME" : "Hallwilersee",
				"AREA_HA" : 1023,
				"E_CNTR" : 2658759,
				"N_CNTR" : 1237270,
				"E_MIN" : 2657441,
				"N_MIN" : 1233032,
				"E_MAX" : 2660138,
				"N_MAX" : 1241222,
				"REFDATE" : "20250101",
				"PUBDATE" : "20250131"
			}
		},
		{
			"type" : "Feature",
			"geometry" : {
				"type" : "MultiPolygon",
				"coordinates" : [
					[
						[
							[ 2678770.8, 1217757.8 ],
							[ 2678725.2, 1217497.7 ],
							[ 2677841.3, 1216614.5 ],
							[ 2678336.4, 1215725.4 ],
							[ 2678858.1, 1215498 ],
							[ 2679633.7, 1214744.8 ],
							[ 2680400.7, 1214077.7 ],
							[ 2681282, 1213613 ],
							[ 2681707.9, 1212858.7 ],
							[ 2682053.2, 1212858.9 ],
							[ 2682739.7, 1213923.1 ],
							[ 2682292.5, 1215336.6 ],
							[ 2682398.7, 1215850.7 ],
							[ 2682265.8, 1216012.8 ],
							[ 2681180.6, 1217777.6 ],
							[ 2680811.4, 1218019.5 ],
							[ 2680565.8, 1218709.8 ],
							[ 2680147.6, 1219732.4 ],
							[ 2680977.5, 1221139.8 ],
							[ 2680872.8, 1222343.6 ],
							[ 2681319.5, 1223124.1 ],
							[ 2681233.2, 1223349.9 ],
							[ 2681416.3, 1223677.9 ],
							[ 2681541.7, 1224834.1 ],
							[ 2680066.3, 1225681.5 ],
							[ 2679498.2, 1225770.3 ],
							[ 2679026.5, 1225523.6 ],
							[ 2679042.1, 1225737.6 ],
							[ 2678783.8, 1225872 ],
							[ 2678797.3, 1226211.7 ],
							[ 2678638.2, 1226285.6 ],
							[ 2678592.8, 1226074.8 ],
							[ 2678161.5, 1226041.9 ],
							[ 2677978.5, 1225667.2 ],
							[ 2677577.8, 1225889.9 ],
							[ 2676982.8, 1225246.9 ],
							[ 2676891.6, 1224974.2 ],
							[ 2677132.8, 1224544.9 ],
							[ 2677513.3, 1223727 ],
							[ 2677416.1, 1223546.8 ],
							[ 2677729.3, 1223311.1 ],
							[ 2677574.3, 1223163.2 ],
							[ 2677656.2, 1222747.8 ],
							[ 2677291, 1222379.9 ],
							[ 2677333.5, 1221678.8 ],
							[ 2677913.4, 1221339.5 ],
							[ 2678269.2, 1221640.7 ],
							[ 2678453, 1221503.6 ],
							[ 2677805.4, 1220417.3 ],
							[ 2677839.6, 1219467 ],
							[ 2678060.8, 1219161.8 ],
							[ 2678087.8, 1219141.8 ],
							[ 2678517, 1218701.5 ],
							[ 2679265.5, 1218804.8 ],
							[ 2679578.2, 1218695.7 ],
							[ 2679532.6, 1218154.2 ],
							[ 2678770.8, 1217757.8 ]
						]
					]
				]
			},
			"properties" : {
				"SEENR" : 9175,
				"SEENAME" : "Zugersee",
				"AREA_HA" : 3844,
				"E_CNTR" : 2679734,
				"N_CNTR" : 1219997,
				"E_MIN" : 2676883,
				"N_MIN" : 1212838,
				"E_MAX" : 2682746,
				"N_MAX" : 1226302,
				"REFDATE" : "20250101",
				"PUBDATE" : "20250131"
			}
		},
		{
			"type" : "Feature",
			"geometry" : {
				"type" : "MultiPolygon",
				"coordinates" : [
					[
						[
							[ 2675149.8, 1206160.9 ],
							[ 2675160.8, 1205999.8 ],
							[ 2675471.7, 1206191.2 ],
							[ 2676226, 1205993.6 ],
							[ 2676957.2, 1206104.5 ],
							[ 2677532.1, 1205982 ],
							[ 2677907.1, 1205692.7 ],
							[ 2677473.4, 1205373.5 ],
							[ 2676160.4, 1205218.6 ],
							[ 2674562.7, 1204484.3 ],
							[ 2674464.8, 1204004.1 ],
							[ 2674591.7, 1203777.8 ],
							[ 2675080.3, 1203563.5 ],
							[ 2674994.4, 1203350.1 ],
							[ 2675211.2, 1203133.9 ],
							[ 2676273.7, 1203110.8 ],
							[ 2676804.7, 1202823.8 ],
							[ 2677134.3, 1202723.1 ],
							[ 2678181.1, 1202849.6 ],
							[ 2679084.7, 1202008.6 ],
							[ 2680465.8, 1201756.2 ],
							[ 2681318.9, 1201830.5 ],
							[ 2682705.8, 1202519.7 ],
							[ 2684498, 1203037.6 ],
							[ 2686395.7, 1204264.8 ],
							[ 2687514.6, 1204761.7 ],
							[ 2687990.5, 1204518.4 ],
							[ 2688107.9, 1204189.7 ],
							[ 2687746.9, 1203356.7 ],
							[ 2687952.9, 1202477.7 ],
							[ 2687884.9, 1201970.8 ],
							[ 2687626.7, 1201574.6 ],
							[ 2687255.7, 1199807.7 ],
							[ 2686917.5, 1199035.8 ],
							[ 2686880.5, 1198231.9 ],
							[ 2687469.5, 1197590.5 ],
							[ 2688157, 1197175 ],
							[ 2688145.7, 1196904.6 ],
							[ 2687869.9, 1196499.8 ],
							[ 2687913.6, 1196049.6 ],
							[ 2687876.3, 1195571.5 ],
							[ 2688131.6, 1194740.1 ],
							[ 2688038.3, 1194487.6 ],
							[ 2688448.4, 1193811.9 ],
							[ 2688863.4, 1193824.1 ],
							[ 2688891, 1194103.1 ],
							[ 2689407.9, 1194768.4 ],
							[ 2689345.6, 1195114.6 ],
							[ 2689513.3, 1194795.9 ],
							[ 2689848.8, 1194844.3 ],
							[ 2690134.7, 1194989.3 ],
							[ 2690099.9, 1195221.4 ],
							[ 2690321.4, 1195242.6 ],
							[ 2690388.5, 1195609.9 ],
							[ 2690089.9, 1196209.5 ],
							[ 2690232.4, 1196971 ],
							[ 2690028.4, 1197379 ],
							[ 2689337.6, 1197893 ],
							[ 2689253.7, 1198222.6 ],
							[ 2689623.5, 1199516.6 ],
							[ 2689950.1, 1199995.1 ],
							[ 2689985.4, 1200247.9 ],
							[ 2689807.1, 1200448 ],
							[ 2689899.9, 1200648.3 ],
							[ 2689986.7, 1200835.7 ],
							[ 2689949.6, 1200893.1 ],
							[ 2689509.2, 1201575.5 ],
							[ 2689174.1, 1203034.3 ],
							[ 2689255.7, 1204189.8 ],
							[ 2689223.6, 1204762.6 ],
							[ 2688951.7, 1205279.5 ],
							[ 2687714.7, 1205573.3 ],
							[ 2687273.3, 1206208.2 ],
							[ 2686277.1, 1205964.6 ],
							[ 2685128.7, 1205074.8 ],
							[ 2683634, 1204688.2 ],
							[ 2682579.5, 1204979.5 ],
							[ 2682490.5, 1205175.8 ],
							[ 2682047.6, 1205325 ],
							[ 2680505.6, 1204896.1 ],
							[ 2679545.1, 1205341.4 ],
							[ 2679270.4, 1205234.3 ],
							[ 2678720.8, 1205461.9 ],
							[ 2678946.5, 1205844.7 ],
							[ 2679596.9, 1206281.6 ],
							[ 2679321.7, 1207507.2 ],
							[ 2678677.2, 1207832.1 ],
							[ 2678288.8, 1208342.8 ],
							[ 2678219.3, 1208581.6 ],
							[ 2677222.6, 1208577.6 ],
							[ 2676551.5, 1209222.5 ],
							[ 2675798.8, 1209487.1 ],
							[ 2675050.2, 1209400.5 ],
							[ 2674667.9, 1209093.7 ],
							[ 2673781.6, 1209231.6 ],
							[ 2673211.1, 1208803.3 ],
							[ 2673141, 1209027.5 ],
							[ 2672853.7, 1208871.4 ],
							[ 2672747.4, 1209110.5 ],
							[ 2673175.9, 1209836.6 ],
							[ 2674449.7, 1210822.1 ],
							[ 2674795.8, 1211427.8 ],
							[ 2675142.8, 1211839.5 ],
							[ 2675068.8, 1212485.6 ],
							[ 2675344.3, 1212840.2 ],
							[ 2675328.8, 1213187.8 ],
							[ 2675662.9, 1214490.5 ],
							[ 2676013.2, 1214677 ],
							[ 2675688, 1215042.8 ],
							[ 2674438.6, 1213258.5 ],
							[ 2674034.3, 1212953.2 ],
							[ 2673757.3, 1213091.3 ],
							[ 2673441.3, 1212945.5 ],
							[ 2673070.8, 1212522.9 ],
							[ 2672640.4, 1211858.7 ],
							[ 2671573.1, 1211021.2 ],
							[ 2671231.4, 1210486.7 ],
							[ 2670884.9, 1210322.4 ],
							[ 2670227.7, 1209568.9 ],
							[ 2669491.2, 1209656.6 ],
							[ 2669530.8, 1210119.9 ],
							[ 2669054.4, 1210813.1 ],
							[ 2668549.7, 1211264.7 ],
							[ 2668125, 1211380.3 ],
							[ 2667925.4, 1211860.2 ],
							[ 2666973.4, 1211918.7 ],
							[ 2666155.4, 1211741.5 ],
							[ 2666160.7, 1211495 ],
							[ 2666374.9, 1211522.3 ],
							[ 2666437.4, 1211449.1 ],
							[ 2666479.2, 1211400.3 ],
							[ 2666553.8, 1211312.9 ],
							[ 2666782.1, 1211111.2 ],
							[ 2666928.1, 1211042.6 ],
							[ 2667235.8, 1210897.9 ],
							[ 2667051.9, 1210873 ],
							[ 2667028.8, 1210869.9 ],
							[ 2667053.8, 1210834.9 ],
							[ 2667329.6, 1210565.8 ],
							[ 2667360.8, 1210527.9 ],
							[ 2667415.8, 1210519.9 ],
							[ 2667443.8, 1210526.9 ],
							[ 2667535.8, 1210549.9 ],
							[ 2667703.8, 1210599.9 ],
							[ 2667758.8, 1210597.9 ],
							[ 2667760.9, 1210587.6 ],
							[ 2667763, 1210577.5 ],
							[ 2667766.6, 1210560.1 ],
							[ 2667765.8, 1210550.8 ],
							[ 2667762.8, 1210514.9 ],
							[ 2667741.6, 1210263.9 ],
							[ 2667794.3, 1210175.7 ],
							[ 2668033.8, 1209774.9 ],
							[ 2668486.6, 1209251.2 ],
							[ 2668240.1, 1208653.3 ],
							[ 2668321.7, 1208273.4 ],
							[ 2668727.5, 1207857.7 ],
							[ 2668469.2, 1207669.4 ],
							[ 2668698.6, 1207395.6 ],
							[ 2668670.2, 1206440.9 ],
							[ 2667675.1, 1205876.4 ],
							[ 2667134.6, 1206258.9 ],
							[ 2666958.3, 1206847.8 ],
							[ 2666698.8, 1207124.7 ],
							[ 2666032.7, 1206790.8 ],
							[ 2665937.5, 1206568.8 ],
							[ 2666392.1, 1205769.3 ],
							[ 2666470.8, 1205630.9 ],
							[ 2666802.7, 1204675.1 ],
							[ 2666493.3, 1204308.1 ],
							[ 2666471.8, 1203537.7 ],
							[ 2667249.6, 1203487.3 ],
							[ 2667664, 1203625.3 ],
							[ 2667950.7, 1203478.9 ],
							[ 2667836.6, 1202895.9 ],
							[ 2666384.7, 1202358.9 ],
							[ 2666149.9, 1202414.1 ],
							[ 2665151.3, 1202039.5 ],
							[ 2665103.5, 1201740.3 ],
							[ 2664230.3, 1201222.1 ],
							[ 2663959.9, 1200834.8 ],
							[ 2664449.5, 1200637.6 ],
							[ 2664667.8, 1200889.9 ],
							[ 2664665.2, 1200581.9 ],
							[ 2664842.2, 1200626.6 ],
							[ 2664758.6, 1200858.5 ],
							[ 2664901.3, 1200909.6 ],
							[ 2664855.3, 1200591.3 ],
							[ 2665272.6, 1200724.2 ],
							[ 2665027.4, 1200560.2 ],
							[ 2665317.6, 1200359.4 ],
							[ 2666035.7, 1200880.9 ],
							[ 2667787.7, 1202052.9 ],
							[ 2668265.5, 1202387.5 ],
							[ 2668397.9, 1202730.5 ],
							[ 2668025.8, 1203231.9 ],
							[ 2668055.8, 1203528 ],
							[ 2669057.4, 1203843.9 ],
							[ 2669454.4, 1204262.8 ],
							[ 2669423.8, 1204548.1 ],
							[ 2669735.2, 1205064.7 ],
							[ 2670266, 1205419.7 ],
							[ 2670684.1, 1206239 ],
							[ 2671687.4, 1206205.6 ],
							[ 2671949.8, 1206196.9 ],
							[ 2672881.8, 1206332.4 ],
							[ 2674977.4, 1206173.9 ],
							[ 2675056.7, 1206167.9 ],
							[ 2675149.8, 1206160.9 ]
						]
					]
				]
			},
			"properties" : {
				"SEENR" : 9179,
				"SEENAME" : "Vierwaldstättersee",
				"AREA_HA" : 11385,
				"E_CNTR" : 2677513,
				"N_CNTR" : 1205069,
				"E_MIN" : 2663954,
				"N_MIN" : 1193713,
				"E_MAX" : 2690389,
				"N_MAX" : 1215050,
				"REFDATE" : "20250101",
				"PUBDATE" : "20250131"
			}
		},
		{
			"type" : "Feature",
			"geometry" : {
				"type" : "MultiPolygon",
				"coordinates" : [
					[
						[
							[ 2700996.8, 1222915 ],
							[ 2700875.6, 1222831.8 ],
							[ 2700694.2, 1222983.3 ],
							[ 2700519.8, 1222835.5 ],
							[ 2700068.9, 1221848.5 ],
							[ 2700567, 1221744.8 ],
							[ 2700588.8, 1221467.5 ],
							[ 2701372.1, 1220189.9 ],
							[ 2701469.3, 1219372.6 ],
							[ 2701888, 1218968.7 ],
							[ 2702191.7, 1218916.8 ],
							[ 2701802.7, 1218186.6 ],
							[ 2701953.6, 1217824.8 ],
							[ 2702250.4, 1217766.3 ],
							[ 2702419.3, 1217459.2 ],
							[ 2702951.3, 1217312.4 ],
							[ 2703281.9, 1216560.6 ],
							[ 2703945.9, 1216259.4 ],
							[ 2704048.2, 1215787.3 ],
							[ 2704205.7, 1215718 ],
							[ 2704177.4, 1215943.4 ],
							[ 2704677.7, 1216037.9 ],
							[ 2704803.2, 1216559.9 ],
							[ 2704186.4, 1216924.4 ],
							[ 2704283.4, 1217071 ],
							[ 2704152.3, 1216919.5 ],
							[ 2704152.3, 1217163.2 ],
							[ 2703530.1, 1217358.7 ],
							[ 2703300.7, 1217620.3 ],
							[ 2703343.4, 1218278.2 ],
							[ 2702994.9, 1219105.9 ],
							[ 2703071.1, 1220056.6 ],
							[ 2702656.6, 1221049.1 ],
							[ 2702228.6, 1221054.8 ],
							[ 2702542.7, 1221225.5 ],
							[ 2702653.8, 1221562.2 ],
							[ 2702623.2, 1221940.5 ],
							[ 2702575.5, 1221773.2 ],
							[ 2702315.5, 1222194.6 ],
							[ 2702435.7, 1222470.8 ],
							[ 2702578.5, 1222433.5 ],
							[ 2702438.4, 1222678.5 ],
							[ 2702526.4, 1223095 ],
							[ 2702159.1, 1222945.8 ],
							[ 2701989.1, 1223378.9 ],
							[ 2701780.3, 1223496.6 ],
							[ 2701539.1, 1222995.6 ],
							[ 2700996.8, 1222915 ]
						]
					]
				]
			},
			"properties" : {
				"SEENR" : 9216,
				"SEENAME" : "Sihlsee",
				"AREA_HA" : 1081,
				"E_CNTR" : 2702232,
				"N_CNTR" : 1220021,
				"E_MIN" : 2700064,
				"N_MIN" : 1215709,
				"E_MAX" : 2704807,
				"N_MAX" : 1223500,
				"REFDATE" : "20250101",
				"PUBDATE" : "20250131"
			}
		},
		{
			"type" : "Feature",
			"geometry" : {
				"type" : "MultiPolygon",
				"coordinates" : [
					[
						[
							[ 2661345.6, 1192512.8 ],
							[ 2661348, 1192681.9 ],
							[ 2661180.6, 1192687.9 ],
							[ 2661373.3, 1193141.1 ],
							[ 2661145, 1193505.9 ],
							[ 2660630.5, 1193404.8 ],
							[ 2659725.4, 1191945.5 ],
							[ 2657784.4, 1190825.5 ],
							[ 2657278.6, 1189647.8 ],
							[ 2657325.6, 1189234.8 ],
							[ 2658094.1, 1188829.9 ],
							[ 2658094.5, 1188565.4 ],
							[ 2658364.3, 1188587.2 ],
							[ 2659481, 1190311.5 ],
							[ 2661158.7, 1191629.3 ],
							[ 2661345.6, 1192512.8 ]
						]
					]
				]
			},
			"properties" : {
				"SEENR" : 9239,
				"SEENAME" : "Sarnersee",
				"AREA_HA" : 740,
				"E_CNTR" : 2659319,
				"N_CNTR" : 1190928,
				"E_MIN" : 2657209,
				"N_MIN" : 1188530,
				"E_MAX" : 2661379,
				"N_MAX" : 1193513,
				"REFDATE" : "20250101",
				"PUBDATE" : "20250131"
			}
		},
		{
			"type" : "Feature",
			"geometry" : {
				"type" : "MultiPolygon",
				"coordinates" : [
					[
						[
							[ 2732810.8, 1219817.7 ],
							[ 2734183.5, 1219514.7 ],
							[ 2734522.4, 1219544.7 ],
							[ 2734855.7, 1219801.8 ],
							[ 2735311.4, 1219436 ],
							[ 2735822.1, 1219391.8 ],
							[ 2737518.4, 1219644.3 ],
							[ 2737931.4, 1219991.7 ],
							[ 2738274, 1219864.2 ],
							[ 2738672.3, 1219958.4 ],
							[ 2739663.2, 1219637.8 ],
							[ 2740738.8, 1219932.7 ],
							[ 2741238.4, 1220089.7 ],
							[ 2741121, 1220464.3 ],
							[ 2741294.7, 1220387 ],
							[ 2741190.7, 1220625.8 ],
							[ 2741412.6, 1221238.4 ],
							[ 2741251.4, 1221426.3 ],
							[ 2737558.8, 1221504.7 ],
							[ 2734706.4, 1221277.6 ],
							[ 2732938.7, 1221629.8 ],
							[ 2730577, 1221741.6 ],
							[ 2730076.3, 1221946.2 ],
							[ 2729524.5, 1221792.9 ],
							[ 2729234.5, 1222116.1 ],
							[ 2727759, 1222319.6 ],
							[ 2727114.1, 1222305.3 ],
							[ 2726833.8, 1221919.8 ],
							[ 2726419, 1221631.3 ],
							[ 2726042.8, 1221826.4 ],
							[ 2725980.8, 1221524.8 ],
							[ 2726445.8, 1221149.8 ],
							[ 2727610.9, 1220777.1 ],
							[ 2728853.1, 1220830.1 ],
							[ 2729292.3, 1220696.8 ],
							[ 2731105.9, 1220146.5 ],
							[ 2731362.6, 1220068.6 ],
							[ 2732476, 1219730.7 ],
							[ 2732810.8, 1219817.7 ]
						]
					]
				]
			},
			"properties" : {
				"SEENR" : 9267,
				"SEENAME" : "Walensee",
				"AREA_HA" : 2411,
				"E_CNTR" : 2734135,
				"N_CNTR" : 1220804,
				"E_MIN" : 2725904,
				"N_MIN" : 1219390,
				"E_MAX" : 2741414,
				"N_MAX" : 1222323,
				"REFDATE" : "20250101",
				"PUBDATE" : "20250131"
			}
		},
		{
			"type" : "Feature",
			"geometry" : {
				"type" : "MultiPolygon",
				"coordinates" : [
					[
						[
							[ 2687977.8, 1221259.8 ],
							[ 2687249.3, 1221372.5 ],
							[ 2687648.6, 1221012.9 ],
							[ 2687723, 1220505.4 ],
							[ 2687901.4, 1220441.8 ],
							[ 2687918.8, 1220203.6 ],
							[ 2687751.8, 1220189.4 ],
							[ 2687497.5, 1219726.3 ],
							[ 2688240.8, 1219591.8 ],
							[ 2688902.8, 1219294.8 ],
							[ 2689780.7, 1218831.8 ],
							[ 2689983.9, 1218845.6 ],
							[ 2690014.4, 1218098.7 ],
							[ 2690396.7, 1217887.2 ],
							[ 2690500.1, 1217511.6 ],
							[ 2691209.5, 1217686 ],
							[ 2691400.3, 1218871 ],
							[ 2690385.6, 1220535.5 ],
							[ 2689622, 1220924.5 ],
							[ 2689089.6, 1220745.1 ],
							[ 2688724.7, 1220948.7 ],
							[ 2688453.7, 1221354.3 ],
							[ 2687977.8, 1221259.8 ]
						]
					]
				]
			},
			"properties" : {
				"SEENR" : 9270,
				"SEENAME" : "Aegerisee",
				"AREA_HA" : 728,
				"E_CNTR" : 2689575,
				"N_CNTR" : 1219648,
				"E_MIN" : 2687246,
				"N_MIN" : 1217453,
				"E_MAX" : 2691414,
				"N_MAX" : 1221450,
				"REFDATE" : "20250101",
				"PUBDATE" : "20250131"
			}
		},
		{
			"type" : "Feature",
			"geometry" : {
				"type" : "MultiPolygon",
				"coordinates" : [
					[
						[
							[ 2573400.8, 1167580.1 ],
							[ 2573537.1, 1167535.4 ],
							[ 2573559.7, 1167520.1 ],
							[ 2573697.7, 1167129 ],
							[ 2573386.2, 1165668.1 ],
							[ 2573476.9, 1165057.8 ],
							[ 2573474.5, 1165030 ],
							[ 2573402.5, 1164184.3 ],
							[ 2573737.6, 1163950.5 ],
							[ 2573505.2, 1163646.5 ],
							[ 2573758.2, 1163061.6 ],
							[ 2573698.3, 1162656.9 ],
							[ 2573773.4, 1162582.8 ],
							[ 2574016.4, 1162330.4 ],
							[ 2574189.8, 1162150.3 ],
							[ 2574367.8, 1162283.7 ],
							[ 2574424.5, 1162326.3 ],
							[ 2574433.7, 1162328.1 ],
							[ 2574754, 1162392.6 ],
							[ 2574464.4, 1162758.1 ],
							[ 2574463.7, 1162759.1 ],
							[ 2574460.9, 1162884.5 ],
							[ 2574445.9, 1163566.3 ],
							[ 2574447.2, 1163621.4 ],
							[ 2574509.4, 1163646.6 ],
							[ 2574571.4, 1164871.7 ],
							[ 2574575.8, 1164959.9 ],
							[ 2574207.5, 1164994.6 ],
							[ 2574207.6, 1164998.3 ],
							[ 2574182.5, 1165379.4 ],
							[ 2574151.4, 1165854.7 ],
							[ 2573912.8, 1166088.8 ],
							[ 2573938.5, 1166947.9 ],
							[ 2573876.6, 1167031.3 ],
							[ 2573786.7, 1167152.7 ],
							[ 2573779.4, 1167162.5 ],
							[ 2573915.6, 1167289 ],
							[ 2573934.9, 1167260 ],
							[ 2574003.2, 1167492.4 ],
							[ 2574005.2, 1167491.6 ],
							[ 2573868.9, 1167849.8 ],
							[ 2573876.9, 1167851.1 ],
							[ 2574256.6, 1168058.3 ],
							[ 2574318.2, 1168002.6 ],
							[ 2574333, 1167989.3 ],
							[ 2574379.9, 1167942.8 ],
							[ 2574390.5, 1167937 ],
							[ 2574362, 1168130.5 ],
							[ 2574123.9, 1168533.5 ],
							[ 2574020.8, 1169136.2 ],
							[ 2574398.3, 1169590 ],
							[ 2574571, 1169278.7 ],
							[ 2574680.6, 1169699.4 ],
							[ 2574746.2, 1169747.5 ],
							[ 2574820.9, 1169802.2 ],
							[ 2574913.4, 1169870.1 ],
							[ 2574834, 1170061.3 ],
							[ 2574691.9, 1170403.6 ],
							[ 2574843.5, 1170248.8 ],
							[ 2575000, 1170088.9 ],
							[ 2574935.1, 1170292.8 ],
							[ 2575254.5, 1170162.7 ],
							[ 2575565.2, 1170522 ],
							[ 2575754.4, 1171047.4 ],
							[ 2575585.2, 1170956.1 ],
							[ 2575391, 1170658.1 ],
							[ 2575009.8, 1170651.3 ],
							[ 2574902.3, 1171410.8 ],
							[ 2574679.8, 1171543.7 ],
							[ 2574603.8, 1171589.1 ],
							[ 2574428.2, 1171694 ],
							[ 2574397.4, 1172194.4 ],
							[ 2574256.3, 1172115.7 ],
							[ 2574042.9, 1172306 ],
							[ 2574090.1, 1172583.5 ],
							[ 2573924.6, 1172806.2 ],
							[ 2574167.9, 1173255.2 ],
							[ 2574408.2, 1173130.9 ],
							[ 2574714.8, 1173329.3 ],
							[ 2574833.1, 1173779.5 ],
							[ 2575102.1, 1173993.8 ],
							[ 2575193.5, 1174066.5 ],
							[ 2575119.9, 1174096.7 ],
							[ 2575041.5, 1174128.9 ],
							[ 2575031.9, 1174135.8 ],
							[ 2575018, 1174163.1 ],
							[ 2574967.6, 1174262.2 ],
							[ 2574627.1, 1173934 ],
							[ 2574407.6, 1173405.9 ],
							[ 2574059.9, 1173476.5 ],
							[ 2573889.3, 1173176.5 ],
							[ 2573626.5, 1173107.5 ],
							[ 2573623.7, 1173102.6 ],
							[ 2573626.2, 1173092.8 ],
							[ 2573627.6, 1173087.6 ],
							[ 2573637.4, 1173042 ],
							[ 2573623.8, 1173014.8 ],
							[ 2573125.1, 1172819.6 ],
							[ 2573635.7, 1172722.1 ],
							[ 2573646.3, 1172707.1 ],
							[ 2573872.8, 1172552.2 ],
							[ 2573853, 1172328.9 ],
							[ 2573656, 1172374.8 ],
							[ 2573619.9, 1172338.7 ],
							[ 2573499.2, 1171707.1 ],
							[ 2573220.5, 1171538.4 ],
							[ 2573686.7, 1171415.6 ],
							[ 2573702.6, 1171413.3 ],
							[ 2573977.1, 1171374 ],
							[ 2574109.3, 1171043.9 ],
							[ 2574528.5, 1171421.1 ],
							[ 2574604.5, 1171292.9 ],
							[ 2574409.1, 1171121.8 ],
							[ 2574397.9, 1170785.7 ],
							[ 2573542.2, 1170206.5 ],
							[ 2573150.2, 1169687.1 ],
							[ 2573139.2, 1169672.6 ],
							[ 2573137.5, 1169669.5 ],
							[ 2573137, 1169667.5 ],
							[ 2573131.6, 1169646.3 ],
							[ 2572951.6, 1169599.7 ],
							[ 2573100, 1169138.8 ],
							[ 2572761.6, 1169225 ],
							[ 2572999.9, 1169108.2 ],
							[ 2572862, 1168570.1 ],
							[ 2572670.3, 1168522.9 ],
							[ 2572586.3, 1168502.2 ],
							[ 2572584.8, 1168502.6 ],
							[ 2572579.2, 1168500.7 ],
							[ 2572421.5, 1168445.7 ],
							[ 2572394.5, 1168428.2 ],
							[ 2572662.1, 1168366 ],
							[ 2572468.7, 1167719.1 ],
							[ 2572727.5, 1168269.2 ],
							[ 2573072.1, 1168199.3 ],
							[ 2573274.6, 1168688.8 ],
							[ 2573738.4, 1168436.4 ],
							[ 2573791.7, 1168407.4 ],
							[ 2573792.7, 1168405.9 ],
							[ 2573406, 1167845.9 ],
							[ 2573379.3, 1167834.2 ],
							[ 2573382.4, 1167632.6 ],
							[ 2573433.4, 1167603.1 ],
							[ 2573470.9, 1167580.1 ],
							[ 2573400.8, 1167580.1 ]
						]
					]
				]
			},
			"properties" : {
				"SEENR" : 9276,
				"SEENAME" : "Lac de la Gruyère / Greyerzersee",
				"AREA_HA" : 856,
				"E_CNTR" : 2574008,
				"N_CNTR" : 1168148,
				"E_MIN" : 2572374,
				"N_MIN" : 1162126,
				"E_MAX" : 2575757,
				"N_MAX" : 1174263,
				"REFDATE" : "20250101",
				"PUBDATE" : "20250131"
			}
		},
		{
			"type" : "Feature",
			"geometry" : {
				"type" : "MultiPolygon",
				"coordinates" : [
					[
						[
							[ 2571160, 1198462.2 ],
							[ 2570339.5, 1198020.7 ],
							[ 2570320, 1198010.2 ],
							[ 2570118.2, 1197786.8 ],
							[ 2569671.1, 1197291.8 ],
							[ 2569620, 1197235.2 ],
							[ 2569446.1, 1197121.1 ],
							[ 2569361.8, 1197102.1 ],
							[ 2569346.9, 1197089.4 ],
							[ 2569094.2, 1196688.7 ],
							[ 2569177, 1196167.2 ],
							[ 2569655, 1195490.2 ],
							[ 2570160.7, 1195027.5 ],
							[ 2570752, 1194947.2 ],
							[ 2570946, 1195054 ],
							[ 2571509.7, 1194943.9 ],
							[ 2571962, 1195277.2 ],
							[ 2571995, 1195305.2 ],
							[ 2572418, 1195517.1 ],
							[ 2572999.2, 1195808.3 ],
							[ 2573007.8, 1195812.6 ],
							[ 2573016.8, 1195817.4 ],
							[ 2573018.3, 1195818.7 ],
							[ 2573019.4, 1195820.2 ],
							[ 2573025.2, 1195827.8 ],
							[ 2573384.8, 1196301.2 ],
							[ 2573377, 1196813.2 ],
							[ 2573750, 1196680.2 ],
							[ 2573967, 1196687.2 ],
							[ 2574035, 1196705.2 ],
							[ 2574260, 1196777.2 ],
							[ 2574770.6, 1197236.9 ],
							[ 2574982, 1197427.2 ],
							[ 2575010, 1197427.2 ],
							[ 2575817, 1198205.2 ],
							[ 2576113.8, 1198543.9 ],
							[ 2576279.5, 1198733 ],
							[ 2576289.4, 1198735.4 ],
							[ 2576751.8, 1199105.5 ],
							[ 2576740, 1199550.2 ],
							[ 2576696.6, 1199662.2 ],
							[ 2576694.8, 1199662.8 ],
							[ 2576693.8, 1199663.2 ],
							[ 2576691.6, 1199664 ],
							[ 2576648.6, 1199719.3 ],
							[ 2576568.4, 1199842.7 ],
							[ 2576508.1, 1199943.2 ],
							[ 2576501.5, 1199946.9 ],
							[ 2576424.1, 1200041 ],
							[ 2576380.3, 1200108.9 ],
							[ 2576275, 1200240.2 ],
							[ 2576214.4, 1200306.2 ],
							[ 2576212.4, 1200306.7 ],
							[ 2576210.7, 1200307.5 ],
							[ 2576209.4, 1200308.4 ],
							[ 2576208.1, 1200309.6 ],
							[ 2576207, 1200311.1 ],
							[ 2576205.8, 1200313.1 ],
							[ 2576204.8, 1200315.5 ],
							[ 2576204, 1200317.9 ],
							[ 2576203.3, 1200320.4 ],
							[ 2576202.8, 1200323.3 ],
							[ 2576202.3, 1200326.7 ],
							[ 2576202.1, 1200329.6 ],
							[ 2576202, 1200330.8 ],
							[ 2576201.9, 1200333.2 ],
							[ 2576201.8, 1200334.6 ],
							[ 2576201.8, 1200337.1 ],
							[ 2576201.8, 1200338.6 ],
							[ 2576201.8, 1200341.4 ],
							[ 2576201.8, 1200342.8 ],
							[ 2576202, 1200347.2 ],
							[ 2576148.2, 1200424.6 ],
							[ 2576118.8, 1200457.1 ],
							[ 2576113.4, 1200464.4 ],
							[ 2575858.5, 1200727.4 ],
							[ 2575775.2, 1200813.3 ],
							[ 2575716.4, 1200733.9 ],
							[ 2575673.9, 1200676.5 ],
							[ 2575643.7, 1200635.7 ],
							[ 2575637.4, 1200638.8 ],
							[ 2575347, 1200782.2 ],
							[ 2574935, 1200662.2 ],
							[ 2574422, 1200332.2 ],
							[ 2574020, 1200120.2 ],
							[ 2573767, 1200055.2 ],
							[ 2573735.9, 1200104.8 ],
							[ 2573461.5, 1199954.5 ],
							[ 2573270.8, 1199850.2 ],
							[ 2572947.7, 1199673.2 ],
							[ 2572499.5, 1199447.7 ],
							[ 2572228.5, 1199311.3 ],
							[ 2572056.9, 1199224.9 ],
							[ 2571372, 1198880.2 ],
							[ 2571160, 1198462.2 ]
						]
					]
				]
			},
			"properties" : {
				"SEENR" : 9294,
				"SEENAME" : "Murtensee/Lac de Morat",
				"AREA_HA" : 2272,
				"E_CNTR" : 2572883,
				"N_CNTR" : 1197797,
				"E_MIN" : 2569087,
				"N_MIN" : 1194895,
				"E_MAX" : 2576807,
				"N_MAX" : 1200837,
				"REFDATE" : "20250101",
				"PUBDATE" : "20250131"
			}
		},
		{
			"type" : "Feature",
			"geometry" : {
				"type" : "MultiPolygon",
				"coordinates" : [
					[
						[
							[ 2750445.6, 1263666.5 ],
							[ 2750677.5, 1263495.2 ],
							[ 2751204.4, 1263599.6 ],
							[ 2751487.6, 1263114.5 ],
							[ 2751668.4, 1262867.4 ],
							[ 2752777.7, 1262574.2 ],
							[ 2753552.6, 1261836.5 ],
							[ 2753713.1, 1261195.6 ],
							[ 2754045.6, 1260915.6 ],
							[ 2755247.9, 1260631.2 ],
							[ 2756205.6, 1260809.6 ],
							[ 2757625.5, 1260927.6 ],
							[ 2757793.8, 1261045.9 ],
							[ 2757741.7, 1261215.1 ],
							[ 2757853.4, 1261051.3 ],
							[ 2758229.1, 1261111.1 ],
							[ 2758609, 1261444.2 ],
							[ 2758798, 1262150.6 ],
							[ 2758950.6, 1262025.2 ],
							[ 2758872.9, 1262118.1 ],
							[ 2759355.7, 1262632 ],
							[ 2759434.7, 1263192.8 ],
							[ 2759797.4, 1262824.3 ],
							[ 2759911.9, 1263172.2 ],
							[ 2759915, 1263219 ],
							[ 2759916.5, 1263243.5 ],
							[ 2759922.5, 1263204.5 ],
							[ 2760097, 1263202.7 ],
							[ 2760102.4, 1263199 ],
							[ 2760109.9, 1263186.2 ],
							[ 2760456.7, 1263338.7 ],
							[ 2760511.6, 1263198.3 ],
							[ 2760726.9, 1262647.4 ],
							[ 2760779.1, 1262615.7 ],
							[ 2760954, 1262550.8 ],
							[ 2761167.4, 1262431.2 ],
							[ 2761333.4, 1262360.7 ],
							[ 2761384.2, 1262339.9 ],
							[ 2761494.2, 1262223.7 ],
							[ 2761517.7, 1262216.3 ],
							[ 2761775.2, 1262091.1 ],
							[ 2761740.8, 1261971.5 ],
							[ 2761743.5, 1261965 ],
							[ 2761744.3, 1261963.1 ],
							[ 2761746.1, 1261958.9 ],
							[ 2761747, 1261956.7 ],
							[ 2761748.6, 1261953 ],
							[ 2761749.5, 1261950.9 ],
							[ 2761751, 1261947.3 ],
							[ 2761751.8, 1261945.5 ],
							[ 2761754, 1261940.4 ],
							[ 2761756, 1261935.6 ],
							[ 2761756.6, 1261934.3 ],
							[ 2761758, 1261931.2 ],
							[ 2761758.7, 1261929.6 ],
							[ 2761759.9, 1261927 ],
							[ 2761760.5, 1261925.5 ],
							[ 2761761.7, 1261923 ],
							[ 2761762.2, 1261921.7 ],
							[ 2761763.8, 1261918.3 ],
							[ 2761765.7, 1261914.4 ],
							[ 2761766.6, 1261912.5 ],
							[ 2761767.1, 1261911.5 ],
							[ 2761768.3, 1261909.1 ],
							[ 2761769.4, 1261907 ],
							[ 2761770.4, 1261905.3 ],
							[ 2761771.2, 1261903.9 ],
							[ 2761771.9, 1261902.8 ],
							[ 2761802, 1261880.4 ],
							[ 2761792.9, 1262020.9 ],
							[ 2761905.7, 1261925.4 ],
							[ 2761907.9, 1261925.5 ],
							[ 2761968.6, 1261971.5 ],
							[ 2762019.9, 1261988.3 ],
							[ 2762239.2, 1261953.2 ],
							[ 2762290.8, 1261951.2 ],
							[ 2762373.2, 1261937.5 ],
							[ 2762868, 1261893.1 ],
							[ 2762886.2, 1261886 ],
							[ 2763155.4, 1261905.5 ],
							[ 2763484.1, 1262026.2 ],
							[ 2763524.7, 1261990.5 ],
							[ 2763529.2, 1262246.3 ],
							[ 2763539.2, 1262249.1 ],
							[ 2763991.3, 1262507.4 ],
							[ 2763988.1, 1262716.7 ],
							[ 2764463.6, 1262738.9 ],
							[ 2764467.1, 1262738.2 ],
							[ 2764469.7, 1262737.6 ],
							[ 2764472.2, 1262737.1 ],
							[ 2764474.5, 1262736.5 ],
							[ 2764476.7, 1262735.9 ],
							[ 2764479.5, 1262735 ],
							[ 2764481.6, 1262734.3 ],
							[ 2764483.6, 1262733.7 ],
							[ 2764485.4, 1262733 ],
							[ 2764487.2, 1262732.2 ],
							[ 2764489.2, 1262731.3 ],
							[ 2764490.9, 1262730.5 ],
							[ 2764492.3, 1262729.7 ],
							[ 2764493.7, 1262728.8 ],
							[ 2764494.9, 1262728 ],
							[ 2764496.1, 1262727.2 ],
							[ 2764497, 1262726.4 ],
							[ 2764520.6, 1262698.9 ],
							[ 2764580.6, 1262689.5 ],
							[ 2764631.6, 1262687.2 ],
							[ 2765025.8, 1263160.9 ],
							[ 2765146.6, 1263097.8 ],
							[ 2765351.2, 1263721.2 ],
							[ 2765369, 1263725.7 ],
							[ 2765382, 1263717.2 ],
							[ 2765419.8, 1263728.2 ],
							[ 2765472, 1263807.6 ],
							[ 2765476.7, 1263807.9 ],
							[ 2765478.1, 1263808 ],
							[ 2765481.2, 1263808.2 ],
							[ 2765482.8, 1263808.4 ],
							[ 2765485.6, 1263808.6 ],
							[ 2765487.1, 1263808.7 ],
							[ 2765489.9, 1263809 ],
							[ 2765491.3, 1263809.1 ],
							[ 2765495.2, 1263809.5 ],
							[ 2765499, 1263810 ],
							[ 2765500.1, 1263810.1 ],
							[ 2765502.6, 1263810.4 ],
							[ 2765503.9, 1263810.6 ],
							[ 2765506.1, 1263810.9 ],
							[ 2765507.4, 1263811 ],
							[ 2765509.6, 1263811.4 ],
							[ 2765510.7, 1263811.5 ],
							[ 2765513.8, 1263812 ],
							[ 2765517.5, 1263812.7 ],
							[ 2765520.4, 1263813.3 ],
							[ 2765523, 1263813.9 ],
							[ 2765525.4, 1263814.4 ],
							[ 2765527.6, 1263815 ],
							[ 2765529.7, 1263815.7 ],
							[ 2765531.4, 1263816.2 ],
							[ 2765564.1, 1263836.1 ],
							[ 2765832.6, 1264171.8 ],
							[ 2766178.8, 1264185.1 ],
							[ 2766186.7, 1264182.1 ],
							[ 2766331, 1263969.2 ],
							[ 2766334.7, 1263964.5 ],
							[ 2766173.8, 1263721.2 ],
							[ 2766134.3, 1263724.9 ],
							[ 2766067.5, 1263680.9 ],
							[ 2766033.4, 1263677.4 ],
							[ 2765645.4, 1263419.1 ],
							[ 2765636.1, 1263420.5 ],
							[ 2765618.5, 1263407.1 ],
							[ 2765698.8, 1263391.2 ],
							[ 2765992.8, 1262570.7 ],
							[ 2766009.2, 1262554 ],
							[ 2766199.2, 1262368.1 ],
							[ 2766259.4, 1262306.5 ],
							[ 2766260.5, 1262305.7 ],
							[ 2766301.8, 1262262.9 ],
							[ 2766361.4, 1262169.4 ],
							[ 2766402.3, 1262116.2 ],
							[ 2766625.4, 1262022.2 ],
							[ 2766670.8, 1262003.1 ],
							[ 2766730.6, 1261994.8 ],
							[ 2766848.8, 1261937.7 ],
							[ 2767268.2, 1261909.6 ],
							[ 2767447, 1262002 ],
							[ 2767540.3, 1262050.2 ],
							[ 2767637.9, 1262100.7 ],
							[ 2767675.1, 1262129.4 ],
							[ 2767773.1, 1262107.8 ],
							[ 2767879.7, 1262084.3 ],
							[ 2768942, 1261850.2 ],
							[ 2769353.7, 1262507.5 ],
							[ 2769466.7, 1262688 ],
							[ 2769477.1, 1262722.2 ],
							[ 2769635.7, 1263521.6 ],
							[ 2769646.2, 1263595.7 ],
							[ 2769700.7, 1263715.7 ],
							[ 2769736.7, 1263795 ],
							[ 2769814.7, 1263842.7 ],
							[ 2770200.4, 1264078.9 ],
							[ 2770298.3, 1264193.2 ],
							[ 2770306.2, 1264186.4 ],
							[ 2770532.2, 1264128 ],
							[ 2770766.7, 1264430.1 ],
							[ 2770898.5, 1264221.5 ],
							[ 2770936.4, 1264433.5 ],
							[ 2771003.8, 1264422.1 ],
							[ 2771329.1, 1264304.7 ],
							[ 2771398.2, 1264323 ],
							[ 2771400.1, 1264323.3 ],
							[ 2771659.6, 1264330.8 ],
							[ 2771629.4, 1264195.7 ],
							[ 2771631.5, 1264195.5 ],
							[ 2771639.1, 1264180.9 ],
							[ 2771739.3, 1264183.4 ],
							[ 2771996.7, 1264335.7 ],
							[ 2772020.3, 1264339 ],
							[ 2772449.8, 1264382.9 ],
							[ 2772224.3, 1264256.7 ],
							[ 2772468.3, 1264214.9 ],
							[ 2772467.1, 1264368.6 ],
							[ 2772627.9, 1264345.1 ],
							[ 2772551.5, 1264186.1 ],
							[ 2773242.3, 1264136.5 ],
							[ 2773423.4, 1264127.8 ],
							[ 2773782.1, 1264203.8 ],
							[ 2773839.9, 1264506 ],
							[ 2773865.3, 1264201.8 ],
							[ 2773950.5, 1264286 ],
							[ 2773976.5, 1264284.6 ],
							[ 2773998.9, 1264473.8 ],
							[ 2773995.1, 1264474.9 ],
							[ 2774226.7, 1264738.9 ],
							[ 2774236.7, 1264737.4 ],
							[ 2774270.9, 1264889.5 ],
							[ 2774290.5, 1265555.5 ],
							[ 2774307, 1265560.4 ],
							[ 2774108.2, 1266092.7 ],
							[ 2773422.3, 1266855.5 ],
							[ 2773131.5, 1266891.9 ],
							[ 2773058.7, 1267112.4 ],
							[ 2773053, 1267115.5 ],
							[ 2773049.2, 1267117.5 ],
							[ 2772699.4, 1267202.9 ],
							[ 2772676.6, 1267192.9 ],
							[ 2772639.9, 1267172.3 ],
							[ 2771848.3, 1268551.1 ],
							[ 2771667.9, 1268748 ],
							[ 2771654.3, 1268758.8 ],
							[ 2771138.4, 1269134.2 ],
							[ 2770558.5, 1269133.9 ],
							[ 2770485.9, 1268974.6 ],
							[ 2770300.6, 1269166.3 ],
							[ 2770257.8, 1269177.3 ],
							[ 2769722.9, 1268998.9 ],
							[ 2769570.8, 1269006.2 ],
							[ 2768988, 1269200.2 ],
							[ 2768854.6, 1268855.1 ],
							[ 2769445.8, 1268907.8 ],
							[ 2769450.2, 1268906.4 ],
							[ 2769462, 1268901.8 ],
							[ 2769584.4, 1268796.2 ],
							[ 2769215.9, 1268417.3 ],
							[ 2769211.8, 1268308.4 ],
							[ 2769158.8, 1268302.7 ],
							[ 2769028.7, 1268241.9 ],
							[ 2769053.8, 1268362.6 ],
							[ 2769039.9, 1268365.4 ],
							[ 2768827.8, 1268143.8 ],
							[ 2768628.9, 1268326.4 ],
							[ 2768600.1, 1268337.5 ],
							[ 2768372.8, 1268522.7 ],
							[ 2768739.6, 1268778.5 ],
							[ 2768882.8, 1269283.7 ],
							[ 2768612.9, 1269766.5 ],
							[ 2768351.8, 1269742.2 ],
							[ 2768304.4, 1269751.4 ],
							[ 2768104.4, 1269829.2 ],
							[ 2768090.7, 1269832.2 ],
							[ 2768082.5, 1269833.7 ],
							[ 2768075.1, 1269834.9 ],
							[ 2768068.4, 1269835.7 ],
							[ 2767947, 1269790.6 ],
							[ 2767841.8, 1269791 ],
							[ 2767782.1, 1269805.9 ],
							[ 2767743.3, 1269820.6 ],
							[ 2767571, 1269765 ],
							[ 2767497.6, 1269776.1 ],
							[ 2767438.9, 1269745.5 ],
							[ 2767436.2, 1269744.1 ],
							[ 2767394.1, 1269717.3 ],
							[ 2766755.6, 1269690.7 ],
							[ 2766754.6, 1269691.4 ],
							[ 2766695.7, 1269673.5 ],
							[ 2766648.3, 1269682.7 ],
							[ 2766607.7, 1269685.1 ],
							[ 2766526.4, 1269716.8 ],
							[ 2766461.5, 1269739.3 ],
							[ 2766417.7, 1269768.8 ],
							[ 2766415.1, 1269770.9 ],
							[ 2766412.9, 1269772.7 ],
							[ 2766411.5, 1269773.8 ],
							[ 2766410.7, 1269774.4 ],
							[ 2766408.6, 1269776.1 ],
							[ 2766406.4, 1269777.7 ],
							[ 2766403.9, 1269779.7 ],
							[ 2766401.3, 1269781.6 ],
							[ 2766399.8, 1269782.7 ],
							[ 2766399, 1269783.3 ],
							[ 2766397.5, 1269784.3 ],
							[ 2766396.6, 1269784.9 ],
							[ 2766394.3, 1269786.6 ],
							[ 2766391.7, 1269788.4 ],
							[ 2766388.8, 1269790.4 ],
							[ 2766387.1, 1269791.5 ],
							[ 2766386.2, 1269792.1 ],
							[ 2766384.6, 1269793.2 ],
							[ 2766383.7, 1269793.8 ],
							[ 2766381.2, 1269795.4 ],
							[ 2766378.7, 1269797.1 ],
							[ 2765924.3, 1270150.4 ],
							[ 2765591.1, 1270726.7 ],
							[ 2765336.5, 1270715.6 ],
							[ 2765271.7, 1270736.1 ],
							[ 2764939.2, 1270799.1 ],
							[ 2764888.3, 1270567.8 ],
							[ 2764830.4, 1270837.9 ],
							[ 2764873.4, 1270863.8 ],
							[ 2764917.4, 1270921 ],
							[ 2764653.4, 1271225.1 ],
							[ 2764580.2, 1271186.2 ],
							[ 2764166, 1271136.5 ],
							[ 2764002.5, 1270935.5 ],
							[ 2763453.5, 1271181.6 ],
							[ 2763361.6, 1271226.3 ],
							[ 2763359.9, 1271226.9 ],
							[ 2763357, 1271227.8 ],
							[ 2763353.4, 1271229.1 ],
							[ 2763351.5, 1271229.8 ],
							[ 2763350.5, 1271230.2 ],
							[ 2763348.9, 1271230.8 ],
							[ 2763347.8, 1271231.2 ],
							[ 2763346.3, 1271231.8 ],
							[ 2763345.2, 1271232.3 ],
							[ 2763343.8, 1271232.9 ],
							[ 2763342.7, 1271233.4 ],
							[ 2763341.3, 1271234 ],
							[ 2763340.3, 1271234.4 ],
							[ 2763338.9, 1271235.1 ],
							[ 2763337.9, 1271235.5 ],
							[ 2763335.6, 1271236.7 ],
							[ 2763333.4, 1271237.8 ],
							[ 2763330.6, 1271239.3 ],
							[ 2763328.3, 1271240.7 ],
							[ 2763326.2, 1271241.9 ],
							[ 2763324.8, 1271242.8 ],
							[ 2763323.1, 1271243.9 ],
							[ 2763322.2, 1271244.4 ],
							[ 2763320.9, 1271245.1 ],
							[ 2763319.9, 1271245.6 ],
							[ 2763318.5, 1271246.2 ],
							[ 2763317.5, 1271246.7 ],
							[ 2763315.9, 1271247.3 ],
							[ 2763314.9, 1271247.6 ],
							[ 2763312.1, 1271248.6 ],
							[ 2763308.4, 1271249.6 ],
							[ 2763305.8, 1271250.2 ],
							[ 2763304.6, 1271250.4 ],
							[ 2763302.4, 1271250.9 ],
							[ 2763301, 1271251.1 ],
							[ 2763298.8, 1271251.5 ],
							[ 2763297.2, 1271251.7 ],
							[ 2763295, 1271252 ],
							[ 2763293.3, 1271252.2 ],
							[ 2763290.9, 1271252.5 ],
							[ 2763289.2, 1271252.6 ],
							[ 2763286.7, 1271252.8 ],
							[ 2763284.9, 1271253 ],
							[ 2763282.1, 1271253.1 ],
							[ 2763280.4, 1271253.2 ],
							[ 2763277.2, 1271253.4 ],
							[ 2763275.7, 1271253.4 ],
							[ 2763270.8, 1271253.6 ],
							[ 2763008.1, 1271537.9 ],
							[ 2763165.3, 1271736.8 ],
							[ 2762790.9, 1272566 ],
							[ 2762213.9, 1273059.7 ],
							[ 2762166.5, 1273069.6 ],
							[ 2762002.4, 1273005.1 ],
							[ 2761927.9, 1272981.3 ],
							[ 2761843.8, 1272943.4 ],
							[ 2761806.9, 1272921.4 ],
							[ 2761750.7, 1272890.5 ],
							[ 2761703.7, 1272885.5 ],
							[ 2761330.3, 1272770 ],
							[ 2761278.5, 1272764.9 ],
							[ 2761223, 1272763.9 ],
							[ 2761146.2, 1272775.1 ],
							[ 2761074.5, 1272781.9 ],
							[ 2760951.2, 1272786 ],
							[ 2760531.8, 1272563.1 ],
							[ 2760525.7, 1272561.8 ],
							[ 2760315.7, 1272571.7 ],
							[ 2759532.9, 1272629.2 ],
							[ 2759492.1, 1272642.8 ],
							[ 2759506.9, 1272732.1 ],
							[ 2759512.9, 1272768 ],
							[ 2759642, 1272866.2 ],
							[ 2759755.8, 1273014 ],
							[ 2759660.4, 1272968.9 ],
							[ 2759623.9, 1272946.4 ],
							[ 2759345.3, 1272774 ],
							[ 2759292, 1272813.9 ],
							[ 2759505.5, 1273200.3 ],
							[ 2759458.3, 1273149.7 ],
							[ 2759244, 1272919.9 ],
							[ 2759129, 1272863 ],
							[ 2759091.4, 1272878.2 ],
							[ 2759057.9, 1272891.6 ],
							[ 2758790.1, 1272994.8 ],
							[ 2758776.2, 1273015.7 ],
							[ 2758667.2, 1273179 ],
							[ 2758647.5, 1273182.5 ],
							[ 2758646.6, 1273183.4 ],
							[ 2758645.9, 1273184.1 ],
							[ 2758644.7, 1273185.1 ],
							[ 2758643.6, 1273185.8 ],
							[ 2758642.1, 1273186.5 ],
							[ 2758640.9, 1273186.9 ],
							[ 2758639.5, 1273187.2 ],
							[ 2758638.3, 1273187.3 ],
							[ 2758637.2, 1273187.3 ],
							[ 2758635.6, 1273187.1 ],
							[ 2758634.3, 1273186.9 ],
							[ 2758633.3, 1273186.6 ],
							[ 2758527.8, 1273348.5 ],
							[ 2758494, 1273378.1 ],
							[ 2758424.9, 1273445.2 ],
							[ 2758402, 1273469.4 ],
							[ 2758186.2, 1273714.1 ],
							[ 2758115.3, 1273735.1 ],
							[ 2758073.8, 1273742.6 ],
							[ 2758075.1, 1273770.2 ],
							[ 2758074.9, 1273785.2 ],
							[ 2757957.3, 1273635.9 ],
							[ 2757940.7, 1273876.2 ],
							[ 2757822.9, 1273940.5 ],
							[ 2757756.2, 1273880.7 ],
							[ 2757706.6, 1273935.6 ],
							[ 2757538.9, 1274382 ],
							[ 2757504.6, 1274430.8 ],
							[ 2757182.9, 1274674.5 ],
							[ 2757007.2, 1275714.5 ],
							[ 2757004.8, 1275716.1 ],
							[ 2757031.2, 1275945.5 ],
							[ 2756899.1, 1275965.9 ],
							[ 2756809, 1275952.9 ],
							[ 2756668.6, 1275931 ],
							[ 2756263.9, 1277012.6 ],
							[ 2756225.2, 1277101.4 ],
							[ 2756077.9, 1278083.7 ],
							[ 2755825.9, 1278328.9 ],
							[ 2755736.5, 1278358.5 ],
							[ 2755402.2, 1278688.5 ],
							[ 2755368.1, 1278703.1 ],
							[ 2755309.4, 1278777.2 ],
							[ 2755242.3, 1278870.4 ],
							[ 2755044.4, 1279340.2 ],
							[ 2754990.8, 1279352.5 ],
							[ 2754701.3, 1279510.8 ],
							[ 2754697.3, 1279511.8 ],
							[ 2754536.1, 1279682.7 ],
							[ 2754534.9, 1279683 ],
							[ 2754215.6, 1279806.5 ],
							[ 2753978.9, 1279880.3 ],
							[ 2753920, 1279843.9 ],
							[ 2753897.5, 1279819.7 ],
							[ 2753374.5, 1279587.9 ],
							[ 2753274.2, 1279612.4 ],
							[ 2752930, 1279821.5 ],
							[ 2752791.1, 1279833.7 ],
							[ 2752676, 1279750.3 ],
							[ 2752401.3, 1279635.1 ],
							[ 2752261, 1279452.5 ],
							[ 2752098, 1279503.2 ],
							[ 2751808, 1279899.8 ],
							[ 2751690.9, 1279883.4 ],
							[ 2751689, 1279883.4 ],
							[ 2751686.2, 1279883.3 ],
							[ 2751681.3, 1279883.3 ],
							[ 2751676.5, 1279883.4 ],
							[ 2751674.9, 1279883.5 ],
							[ 2751671.7, 1279883.7 ],
							[ 2751669.8, 1279883.8 ],
							[ 2751667, 1279884 ],
							[ 2751665.1, 1279884.2 ],
							[ 2751662.4, 1279884.5 ],
							[ 2751660.4, 1279884.7 ],
							[ 2751657.8, 1279885.1 ],
							[ 2751655.9, 1279885.4 ],
							[ 2751653.4, 1279885.8 ],
							[ 2751651.5, 1279886.2 ],
							[ 2751648.9, 1279886.7 ],
							[ 2751647.2, 1279887 ],
							[ 2751644.5, 1279887.7 ],
							[ 2751642.9, 1279888 ],
							[ 2751638.8, 1279889.1 ],
							[ 2751634.7, 1279890.4 ],
							[ 2751633.6, 1279890.7 ],
							[ 2751630.7, 1279891.7 ],
							[ 2751629.3, 1279892.3 ],
							[ 2751626.8, 1279893.2 ],
							[ 2751625.3, 1279893.8 ],
							[ 2751623, 1279894.8 ],
							[ 2751621.5, 1279895.5 ],
							[ 2751619.3, 1279896.5 ],
							[ 2751617.7, 1279897.3 ],
							[ 2751615.5, 1279898.4 ],
							[ 2751613.9, 1279899.3 ],
							[ 2751611.8, 1279900.5 ],
							[ 2751610.2, 1279901.4 ],
							[ 2751608, 1279902.9 ],
							[ 2751606.6, 1279903.8 ],
							[ 2751604, 1279905.6 ],
							[ 2751602.9, 1279906.3 ],
							[ 2751598.6, 1279909.5 ],
							[ 2751595.7, 1279911.9 ],
							[ 2751594.4, 1279913 ],
							[ 2751592.1, 1279914.9 ],
							[ 2751590.6, 1279916.2 ],
							[ 2751588.5, 1279918.2 ],
							[ 2751587, 1279919.6 ],
							[ 2751584.9, 1279921.6 ],
							[ 2751583.4, 1279923.2 ],
							[ 2751581.3, 1279925.3 ],
							[ 2751579.8, 1279926.9 ],
							[ 2751577.7, 1279929.1 ],
							[ 2751576.3, 1279930.8 ],
							[ 2751574.2, 1279933.2 ],
							[ 2751572.8, 1279934.8 ],
							[ 2751570.4, 1279937.7 ],
							[ 2751569.3, 1279939.1 ],
							[ 2751565.8, 1279943.5 ],
							[ 2751304.3, 1280138.7 ],
							[ 2751186.9, 1280172.9 ],
							[ 2750603.1, 1280414.7 ],
							[ 2750146.7, 1280309.8 ],
							[ 2750041.4, 1280341.8 ],
							[ 2749867, 1280452.6 ],
							[ 2749807.4, 1280495.2 ],
							[ 2749806.4, 1280495.8 ],
							[ 2749804, 1280497.4 ],
							[ 2749801.7, 1280498.9 ],
							[ 2749799.6, 1280500.5 ],
							[ 2749797.5, 1280502.1 ],
							[ 2749795.5, 1280503.7 ],
							[ 2749793, 1280505.9 ],
							[ 2749791.2, 1280507.4 ],
							[ 2749790.5, 1280508.1 ],
							[ 2749789, 1280509.4 ],
							[ 2749788.2, 1280510.1 ],
							[ 2749786.8, 1280511.5 ],
							[ 2749786, 1280512.3 ],
							[ 2749783.8, 1280514.5 ],
							[ 2749781.3, 1280517 ],
							[ 2749779.3, 1280519.1 ],
							[ 2749778.5, 1280519.9 ],
							[ 2749777, 1280521.6 ],
							[ 2749776.1, 1280522.6 ],
							[ 2749774.6, 1280524.2 ],
							[ 2749773.7, 1280525.2 ],
							[ 2749772.1, 1280527 ],
							[ 2749771.4, 1280527.9 ],
							[ 2749769, 1280530.7 ],
							[ 2749418.6, 1280875.8 ],
							[ 2749385.7, 1280889.1 ],
							[ 2749224.1, 1281002.5 ],
							[ 2749221.1, 1281004.7 ],
							[ 2749220.2, 1281005.4 ],
							[ 2749218.2, 1281007 ],
							[ 2749217.2, 1281007.8 ],
							[ 2749215.3, 1281009.2 ],
							[ 2749214.3, 1281010 ],
							[ 2749212.4, 1281011.5 ],
							[ 2749211.5, 1281012.2 ],
							[ 2749208.8, 1281014.3 ],
							[ 2749206.2, 1281016.5 ],
							[ 2749205.4, 1281017.1 ],
							[ 2749203.5, 1281018.6 ],
							[ 2749202.6, 1281019.3 ],
							[ 2749201, 1281020.7 ],
							[ 2749200, 1281021.4 ],
							[ 2749198.4, 1281022.8 ],
							[ 2749197.6, 1281023.5 ],
							[ 2749195.1, 1281025.5 ],
							[ 2749192.1, 1281028 ],
							[ 2749190.5, 1281029.5 ],
							[ 2749189.7, 1281030.2 ],
							[ 2749188.2, 1281031.4 ],
							[ 2749187.4, 1281032.1 ],
							[ 2749186, 1281033.4 ],
							[ 2749185.2, 1281034.1 ],
							[ 2749183.1, 1281036 ],
							[ 2749180.7, 1281038.1 ],
							[ 2749130, 1281075.6 ],
							[ 2749018, 1281257.4 ],
							[ 2748919.9, 1281313.5 ],
							[ 2748849.3, 1281329.8 ],
							[ 2748764.7, 1281373.3 ],
							[ 2748751.3, 1281386.6 ],
							[ 2748700.1, 1281398.8 ],
							[ 2748459.4, 1281475.5 ],
							[ 2748449.7, 1281478.4 ],
							[ 2748434.4, 1281482.3 ],
							[ 2748423.7, 1281484.7 ],
							[ 2748121.1, 1281466.4 ],
							[ 2748020.9, 1281468.7 ],
							[ 2747784.6, 1281574.9 ],
							[ 2747712.3, 1281572 ],
							[ 2746886.6, 1281511.7 ],
							[ 2746825.1, 1281522.2 ],
							[ 2746762.3, 1281525.9 ],
							[ 2746684.9, 1281513.1 ],
							[ 2746405.2, 1281371.2 ],
							[ 2746366, 1281041.8 ],
							[ 2746259.3, 1281261.3 ],
							[ 2746251.7, 1281259.3 ],
							[ 2746199.9, 1281253.5 ],
							[ 2745778.6, 1281169.4 ],
							[ 2745663, 1281199 ],
							[ 2744911.9, 1281108.7 ],
							[ 2744861.1, 1281071.9 ],
							[ 2744870.8, 1280844.2 ],
							[ 2744723.7, 1280978.5 ],
							[ 2744085.9, 1280608.2 ],
							[ 2743403.1, 1280700.9 ],
							[ 2742662.1, 1281204.9 ],
							[ 2742557.9, 1281239.5 ],
							[ 2742188.6, 1281405.2 ],
							[ 2742258.4, 1281287.9 ],
							[ 2741963.1, 1281584.6 ],
							[ 2741919.8, 1281634.3 ],
							[ 2741388.6, 1281920.7 ],
							[ 2741249.4, 1281914.9 ],
							[ 2740860.2, 1281965.8 ],
							[ 2740845.9, 1281968.1 ],
							[ 2740696.4, 1281995.4 ],
							[ 2740478.7, 1282114.1 ],
							[ 2740325, 1282258.4 ],
							[ 2740230, 1282323.3 ],
							[ 2739665.9, 1282642.2 ],
							[ 2739650, 1282650.1 ],
							[ 2739087.9, 1282929.6 ],
							[ 2739028.7, 1282953 ],
							[ 2738925, 1283038.5 ],
							[ 2738987.8, 1282945.3 ],
							[ 2738877.1, 1283039.8 ],
							[ 2737883.4, 1283901.4 ],
							[ 2737831.7, 1283925.2 ],
							[ 2737742.2, 1283955.4 ],
							[ 2737622.6, 1284002.9 ],
							[ 2737134.8, 1284176.3 ],
							[ 2736014.6, 1285099.4 ],
							[ 2735475.3, 1285667.8 ],
							[ 2735693.7, 1285728.1 ],
							[ 2735306.4, 1285819 ],
							[ 2734862.5, 1286455.4 ],
							[ 2734779.5, 1286543.6 ],
							[ 2734364.4, 1287169.2 ],
							[ 2734302.8, 1287241.1 ],
							[ 2734332.7, 1287362.6 ],
							[ 2734189.7, 1287399.1 ],
							[ 2734274.9, 1287702 ],
							[ 2734019.4, 1288460.6 ],
							[ 2734041.2, 1289159.6 ],
							[ 2734013.6, 1289193.6 ],
							[ 2733895.1, 1289298.7 ],
							[ 2733819.6, 1289337.6 ],
							[ 2733410, 1289691.5 ],
							[ 2733365.4, 1289741.5 ],
							[ 2733278.4, 1289786.3 ],
							[ 2733223.5, 1289797.7 ],
							[ 2733040.9, 1289875.5 ],
							[ 2733033.1, 1289881.3 ],
							[ 2733029.2, 1289884.2 ],
							[ 2733017.3, 1289892.7 ],
							[ 2732694.5, 1290073.8 ],
							[ 2732595.8, 1290085.8 ],
							[ 2732172.6, 1290204.2 ],
							[ 2732073.1, 1290235.8 ],
							[ 2731779.9, 1290325.9 ],
							[ 2731733, 1290347.1 ],
							[ 2730786.6, 1291028.9 ],
							[ 2730713.9, 1291075.3 ],
							[ 2730620.4, 1291172.7 ],
							[ 2730546.6, 1291187.8 ],
							[ 2728791.7, 1292114.2 ],
							[ 2728664.1, 1292160 ],
							[ 2728081.3, 1292309.9 ],
							[ 2728030.4, 1292315.5 ],
							[ 2728027.8, 1292314.7 ],
							[ 2727688.6, 1292358.2 ],
							[ 2727595.9, 1292394.1 ],
							[ 2726960, 1292859.5 ],
							[ 2726906.6, 1292960.7 ],
							[ 2726474.9, 1293746.8 ],
							[ 2725603.5, 1294339.8 ],
							[ 2725521.3, 1294392.6 ],
							[ 2724894.6, 1294956.3 ],
							[ 2724735.1, 1295036.4 ],
							[ 2724442.9, 1295121.8 ],
							[ 2724213.7, 1295144.7 ],
							[ 2722887, 1296010.5 ],
							[ 2722741.3, 1296110.9 ],
							[ 2722736.5, 1296114.4 ],
							[ 2722251.3, 1296439.9 ],
							[ 2721715, 1297217.8 ],
							[ 2721362.1, 1297322.3 ],
							[ 2721058.9, 1297191.6 ],
							[ 2720788.3, 1297371.9 ],
							[ 2720535.8, 1297433.5 ],
							[ 2720197.1, 1297486.2 ],
							[ 2720114, 1297530.5 ],
							[ 2719792.8, 1297528.1 ],
							[ 2719876.6, 1297082.1 ],
							[ 2719568.3, 1297003 ],
							[ 2719479.8, 1296598 ],
							[ 2719450.7, 1296598.3 ],
							[ 2719268.3, 1296455 ],
							[ 2719266.9, 1296156.7 ],
							[ 2719848.9, 1295706.1 ],
							[ 2719857.1, 1295700.3 ],
							[ 2719862.8, 1295696.2 ],
							[ 2719915.3, 1295621.9 ],
							[ 2719997.6, 1295572.8 ],
							[ 2720523.1, 1295204.1 ],
							[ 2720526.3, 1295202.5 ],
							[ 2720529.5, 1295190 ],
							[ 2720661.8, 1294843.6 ],
							[ 2721103.8, 1294483.6 ],
							[ 2721279.5, 1294333.1 ],
							[ 2721806.5, 1293706.6 ],
							[ 2721957.7, 1293454.9 ],
							[ 2722587.8, 1292975.2 ],
							[ 2722722.3, 1292829.9 ],
							[ 2724151, 1291923.4 ],
							[ 2724267.6, 1291896.4 ],
							[ 2724841.3, 1291627.5 ],
							[ 2724958.3, 1291583.3 ],
							[ 2725516.3, 1291337.2 ],
							[ 2725586.6, 1291274.4 ],
							[ 2726504.4, 1290465.2 ],
							[ 2726584.5, 1290400.1 ],
							[ 2727096.6, 1290066.6 ],
							[ 2727099, 1290065.1 ],
							[ 2727376.5, 1289863.9 ],
							[ 2728239, 1290118.1 ],
							[ 2728523.2, 1289581.2 ],
							[ 2728595.2, 1289549 ],
							[ 2729762.7, 1288685.6 ],
							[ 2729887.1, 1288681.3 ],
							[ 2730144, 1288533.2 ],
							[ 2730232.4, 1288390.9 ],
							[ 2730700.1, 1286474.6 ],
							[ 2730635.1, 1285373.6 ],
							[ 2730784.6, 1285154.4 ],
							[ 2730790.6, 1285149.9 ],
							[ 2730866.3, 1285100.5 ],
							[ 2730924.8, 1285070.2 ],
							[ 2731091.7, 1285023.7 ],
							[ 2731100.2, 1285024.9 ],
							[ 2731262.8, 1285386 ],
							[ 2731615.1, 1285628.3 ],
							[ 2731926.3, 1285668.7 ],
							[ 2732308.5, 1285376.8 ],
							[ 2732243.3, 1285374.9 ],
							[ 2732311.8, 1285115.2 ],
							[ 2732308, 1285114.2 ],
							[ 2731934.8, 1285017.9 ],
							[ 2731747.5, 1285036.5 ],
							[ 2731433.2, 1285167.5 ],
							[ 2731350.5, 1285199.6 ],
							[ 2731185.6, 1285039.9 ],
							[ 2731260.4, 1284442.8 ],
							[ 2732114.3, 1283986.7 ],
							[ 2732163, 1283944 ],
							[ 2732166.5, 1283941.6 ],
							[ 2732267.9, 1283868.7 ],
							[ 2732271.5, 1283866.4 ],
							[ 2732363.4, 1283812 ],
							[ 2732901.4, 1283118.7 ],
							[ 2732933.6, 1283088.9 ],
							[ 2733163.2, 1282715.4 ],
							[ 2733038.7, 1282147.3 ],
							[ 2733174.9, 1281825.7 ],
							[ 2733213, 1281760.6 ],
							[ 2733609.1, 1280985.9 ],
							[ 2732814.5, 1280623.7 ],
							[ 2731669.7, 1281008.3 ],
							[ 2731659.4, 1281013.1 ],
							[ 2731565.5, 1281023.8 ],
							[ 2731515.5, 1281022.3 ],
							[ 2731188.8, 1281010.2 ],
							[ 2731122.7, 1281018.1 ],
							[ 2730948.7, 1280956.1 ],
							[ 2729598, 1281454.5 ],
							[ 2729587.3, 1281458.7 ],
							[ 2729583.9, 1281460 ],
							[ 2729576.8, 1281462.7 ],
							[ 2729573, 1281464.2 ],
							[ 2729566.4, 1281466.6 ],
							[ 2729562.7, 1281468 ],
							[ 2729556, 1281470.5 ],
							[ 2729552.8, 1281471.6 ],
							[ 2729544.3, 1281474.7 ],
							[ 2729543.2, 1281475.1 ],
							[ 2729533.8, 1281478.3 ],
							[ 2729531.1, 1281479.2 ],
							[ 2729524.7, 1281481.3 ],
							[ 2729521.4, 1281482.4 ],
							[ 2729515.7, 1281484.2 ],
							[ 2729512.5, 1281485.2 ],
							[ 2729506.8, 1281487 ],
							[ 2729503.9, 1281487.8 ],
							[ 2729497.2, 1281489.8 ],
							[ 2729495.7, 1281490.2 ],
							[ 2729487.7, 1281492.5 ],
							[ 2729485.5, 1281493 ],
							[ 2729479.9, 1281494.5 ],
							[ 2729477.2, 1281495.2 ],
							[ 2729472.4, 1281496.3 ],
							[ 2729469.6, 1281497 ],
							[ 2729464.9, 1281498.1 ],
							[ 2729462.4, 1281498.6 ],
							[ 2729457.1, 1281499.7 ],
							[ 2729455.5, 1281500 ],
							[ 2729448.9, 1281501.2 ],
							[ 2729444.6, 1281501.9 ],
							[ 2729443.3, 1281502.1 ],
							[ 2729287.2, 1281503.9 ],
							[ 2728922, 1281282.7 ],
							[ 2728822.4, 1281308 ],
							[ 2728366, 1281204.6 ],
							[ 2728016.3, 1280850.5 ],
							[ 2727925.2, 1280816.2 ],
							[ 2727863.9, 1280796.1 ],
							[ 2727587.7, 1280769.1 ],
							[ 2727572.2, 1280776 ],
							[ 2727557, 1280783.2 ],
							[ 2727450.3, 1280835.4 ],
							[ 2727341.3, 1280890.4 ],
							[ 2726786.7, 1281086.6 ],
							[ 2726687.1, 1281726.2 ],
							[ 2726133.8, 1282160.1 ],
							[ 2725846.4, 1282718.5 ],
							[ 2725772.9, 1282699.1 ],
							[ 2725709.6, 1283006.8 ],
							[ 2725650.8, 1283049 ],
							[ 2725520.8, 1283008.3 ],
							[ 2725386.7, 1282989 ],
							[ 2725353.4, 1282947.2 ],
							[ 2725244, 1282996.7 ],
							[ 2725817.1, 1283196 ],
							[ 2725414.4, 1283133 ],
							[ 2725410.7, 1283132.4 ],
							[ 2725312.7, 1283115.4 ],
							[ 2724681.2, 1283056.1 ],
							[ 2724644.3, 1283046.9 ],
							[ 2724577.6, 1283026.5 ],
							[ 2724480.5, 1283059.4 ],
							[ 2724296.8, 1283151.8 ],
							[ 2723955.3, 1282991.5 ],
							[ 2723926.1, 1282983.5 ],
							[ 2723298.3, 1282753.8 ],
							[ 2723246.6, 1282782.4 ],
							[ 2723244.5, 1282783.1 ],
							[ 2723239.9, 1282784.5 ],
							[ 2723236.9, 1282785.4 ],
							[ 2723235.4, 1282785.8 ],
							[ 2723232.6, 1282786.5 ],
							[ 2723230.9, 1282786.9 ],
							[ 2723227.9, 1282787.6 ],
							[ 2723226.2, 1282787.9 ],
							[ 2723222.7, 1282788.7 ],
							[ 2723221.3, 1282789 ],
							[ 2723216.1, 1282790 ],
							[ 2723215, 1282790.2 ],
							[ 2723210.5, 1282791 ],
							[ 2723208.5, 1282791.3 ],
							[ 2723204.7, 1282791.9 ],
							[ 2723202.4, 1282792.3 ],
							[ 2723198.4, 1282792.9 ],
							[ 2723196.1, 1282793.2 ],
							[ 2723191.5, 1282793.9 ],
							[ 2723189.5, 1282794.1 ],
							[ 2723181.9, 1282795.1 ],
							[ 2723175.6, 1282795.9 ],
							[ 2723173.1, 1282796.2 ],
							[ 2723168.1, 1282796.7 ],
							[ 2723165.3, 1282797 ],
							[ 2723160.3, 1282797.5 ],
							[ 2723157.4, 1282797.8 ],
							[ 2723151.8, 1282798.4 ],
							[ 2723149.2, 1282798.6 ],
							[ 2723140.8, 1282799.4 ],
							[ 2723130.8, 1282803.5 ],
							[ 2723021.3, 1282832.6 ],
							[ 2722902.3, 1282879.3 ],
							[ 2722800.9, 1282894.7 ],
							[ 2722685.8, 1282853.8 ],
							[ 2722553.8, 1282881.2 ],
							[ 2722354.4, 1283037.3 ],
							[ 2722348.1, 1283039.3 ],
							[ 2722338.7, 1283042.2 ],
							[ 2722332.6, 1283044.1 ],
							[ 2722168.5, 1283084.4 ],
							[ 2722150.5, 1283094 ],
							[ 2722137.4, 1283101.3 ],
							[ 2721792.1, 1283275.9 ],
							[ 2721746.1, 1283293.9 ],
							[ 2721396.1, 1283391.1 ],
							[ 2721387.4, 1283395.3 ],
							[ 2721317.3, 1283397.4 ],
							[ 2721301.3, 1283404.7 ],
							[ 2721239, 1283459 ],
							[ 2721117.7, 1283514.1 ],
							[ 2721116.5, 1283514.5 ],
							[ 2721115.2, 1283515 ],
							[ 2721114.2, 1283515.4 ],
							[ 2721113, 1283515.9 ],
							[ 2721112, 1283516.3 ],
							[ 2721110.7, 1283516.8 ],
							[ 2721109.8, 1283517.2 ],
							[ 2721108.5, 1283517.7 ],
							[ 2721107.6, 1283518.2 ],
							[ 2721106.4, 1283518.7 ],
							[ 2721105.4, 1283519.1 ],
							[ 2721104.2, 1283519.7 ],
							[ 2721103.3, 1283520.1 ],
							[ 2721102.1, 1283520.7 ],
							[ 2721101.2, 1283521.1 ],
							[ 2721100.1, 1283521.7 ],
							[ 2721099.2, 1283522.1 ],
							[ 2721097.1, 1283523.2 ],
							[ 2721095.1, 1283524.2 ],
							[ 2721093.2, 1283525.3 ],
							[ 2721091.1, 1283526.4 ],
							[ 2721089.3, 1283527.5 ],
							[ 2721086.7, 1283529.1 ],
							[ 2721084.8, 1283530.2 ],
							[ 2721082.9, 1283531.3 ],
							[ 2721081, 1283532.3 ],
							[ 2721079.1, 1283533.3 ],
							[ 2721077.3, 1283534.3 ],
							[ 2721075.4, 1283535.2 ],
							[ 2721073.6, 1283536.1 ],
							[ 2721071.7, 1283537 ],
							[ 2721069.8, 1283537.8 ],
							[ 2721068, 1283538.6 ],
							[ 2721066.2, 1283539.4 ],
							[ 2721064.3, 1283540.1 ],
							[ 2721062.2, 1283540.9 ],
							[ 2721059.8, 1283541.9 ],
							[ 2721058.5, 1283542.5 ],
							[ 2721057.5, 1283542.9 ],
							[ 2721056.2, 1283543.6 ],
							[ 2721055.1, 1283544.2 ],
							[ 2721053.7, 1283544.9 ],
							[ 2721052.5, 1283545.6 ],
							[ 2721051, 1283546.5 ],
							[ 2721049.8, 1283547.2 ],
							[ 2721048.2, 1283548.2 ],
							[ 2721046.8, 1283549 ],
							[ 2721045.1, 1283550.1 ],
							[ 2721043.6, 1283551 ],
							[ 2721041.8, 1283552.2 ],
							[ 2721040.3, 1283553.2 ],
							[ 2721038.3, 1283554.5 ],
							[ 2721036.7, 1283555.6 ],
							[ 2721034.6, 1283557 ],
							[ 2721033, 1283558.2 ],
							[ 2721030.7, 1283559.8 ],
							[ 2721029.1, 1283560.9 ],
							[ 2721026.6, 1283562.7 ],
							[ 2721024.9, 1283563.9 ],
							[ 2721022, 1283566 ],
							[ 2721020.6, 1283567.1 ],
							[ 2721016.1, 1283570.4 ],
							[ 2720840.8, 1283620.8 ],
							[ 2720836.2, 1283620.3 ],
							[ 2720410.1, 1283847.7 ],
							[ 2720501.2, 1284246 ],
							[ 2720326.8, 1284655.9 ],
							[ 2720438.2, 1284674.9 ],
							[ 2720558.6, 1284925.2 ],
							[ 2720445.5, 1285034.9 ],
							[ 2720398.2, 1285078.5 ],
							[ 2720304.8, 1285297.6 ],
							[ 2720238.8, 1285360.9 ],
							[ 2720272, 1285400.4 ],
							[ 2720345.9, 1285394.8 ],
							[ 2720517.9, 1285357.1 ],
							[ 2720651.2, 1285306.4 ],
							[ 2720822.8, 1285326.6 ],
							[ 2721077.2, 1284852 ],
							[ 2721151.6, 1284785.6 ],
							[ 2721426.9, 1284766.4 ],
							[ 2721512.5, 1284988.7 ],
							[ 2721754.5, 1284914.4 ],
							[ 2721787.5, 1284879.3 ],
							[ 2722158.4, 1284424 ],
							[ 2722555.2, 1284377.6 ],
							[ 2722635.8, 1284337 ],
							[ 2723592.6, 1283300.8 ],
							[ 2723698.3, 1283266.1 ],
							[ 2723797.4, 1283199.6 ],
							[ 2723952.5, 1283185.4 ],
							[ 2724122.3, 1283329 ],
							[ 2724284.3, 1283384.6 ],
							[ 2724735.7, 1283176.8 ],
							[ 2724865.4, 1283173.1 ],
							[ 2724997.2, 1283372.1 ],
							[ 2724959.1, 1283165.4 ],
							[ 2725454.6, 1283214.8 ],
							[ 2725137.8, 1283421.9 ],
							[ 2725128.5, 1283424.5 ],
							[ 2725223.4, 1283552.6 ],
							[ 2725228.7, 1283553.4 ],
							[ 2725230.4, 1283553.6 ],
							[ 2725233.7, 1283554.1 ],
							[ 2725235.6, 1283554.3 ],
							[ 2725238.6, 1283554.7 ],
							[ 2725240.5, 1283554.9 ],
							[ 2725243.2, 1283555.1 ],
							[ 2725245.1, 1283555.3 ],
							[ 2725247.6, 1283555.4 ],
							[ 2725249.4, 1283555.6 ],
							[ 2725251.8, 1283555.7 ],
							[ 2725253.5, 1283555.7 ],
							[ 2725255.8, 1283555.8 ],
							[ 2725257.4, 1283555.8 ],
							[ 2725259.7, 1283555.7 ],
							[ 2725261, 1283555.7 ],
							[ 2725264.5, 1283555.5 ],
							[ 2725268.5, 1283555.1 ],
							[ 2725270.7, 1283554.8 ],
							[ 2725271.7, 1283554.6 ],
							[ 2725273.4, 1283554.2 ],
							[ 2725274.5, 1283554 ],
							[ 2725276, 1283553.6 ],
							[ 2725277, 1283553.3 ],
							[ 2725278.4, 1283552.8 ],
							[ 2725279.3, 1283552.4 ],
							[ 2725281.5, 1283551.4 ],
							[ 2725283.4, 1283550.4 ],
							[ 2725285.5, 1283549.3 ],
							[ 2725287.7, 1283548.1 ],
							[ 2725290.4, 1283546.6 ],
							[ 2725293, 1283545 ],
							[ 2725294.5, 1283544.1 ],
							[ 2725295.4, 1283543.5 ],
							[ 2725296.8, 1283542.6 ],
							[ 2725297.8, 1283541.9 ],
							[ 2725299.2, 1283541 ],
							[ 2725300.3, 1283540.3 ],
							[ 2725301.7, 1283539.3 ],
							[ 2725302.8, 1283538.5 ],
							[ 2725304.2, 1283537.5 ],
							[ 2725305.3, 1283536.8 ],
							[ 2725306.9, 1283535.6 ],
							[ 2725307.9, 1283534.9 ],
							[ 2725309.6, 1283533.6 ],
							[ 2725310.5, 1283532.9 ],
							[ 2725313.3, 1283530.8 ],
							[ 2725315.9, 1283528.8 ],
							[ 2725317.5, 1283527.5 ],
							[ 2725415.7, 1283461 ],
							[ 2725648.3, 1283315.7 ],
							[ 2725614.2, 1283523.7 ],
							[ 2725470.3, 1283554 ],
							[ 2725255.3, 1283667 ],
							[ 2724871.1, 1284748 ],
							[ 2724408.8, 1284977.5 ],
							[ 2724406.6, 1284980.2 ],
							[ 2724404.8, 1284982.3 ],
							[ 2724403, 1284984.1 ],
							[ 2724401.2, 1284985.9 ],
							[ 2724399.4, 1284987.6 ],
							[ 2724396.9, 1284989.7 ],
							[ 2724394.9, 1284991.3 ],
							[ 2724392.9, 1284992.8 ],
							[ 2724390.9, 1284994.1 ],
							[ 2724388.8, 1284995.4 ],
							[ 2724386.1, 1284996.9 ],
							[ 2724383.8, 1284998 ],
							[ 2724381.6, 1284999.1 ],
							[ 2724379.3, 1285000 ],
							[ 2724377.1, 1285000.8 ],
							[ 2724374.7, 1285001.6 ],
							[ 2724373.8, 1285001.9 ],
							[ 2724321.3, 1285030 ],
							[ 2724107.4, 1285302.7 ],
							[ 2724039.1, 1285357 ],
							[ 2723824.7, 1285430.2 ],
							[ 2723821.4, 1285429.5 ],
							[ 2723650.8, 1285447.6 ],
							[ 2723391.9, 1285509.6 ],
							[ 2723253, 1285545.6 ],
							[ 2723023.4, 1285666 ],
							[ 2722901.6, 1285702.9 ],
							[ 2722814.3, 1285772.7 ],
							[ 2722811.6, 1285774.5 ],
							[ 2722803.8, 1285779.4 ],
							[ 2722801.2, 1285781 ],
							[ 2722798.6, 1285782.4 ],
							[ 2722583.1, 1285888.3 ],
							[ 2722560, 1285895.8 ],
							[ 2722454.6, 1285921.5 ],
							[ 2722413.4, 1285929.3 ],
							[ 2722231.1, 1285925.2 ],
							[ 2722096.1, 1286201.4 ],
							[ 2722001.4, 1286241.8 ],
							[ 2721357.5, 1286557.9 ],
							[ 2721352.4, 1286561.6 ],
							[ 2721350.1, 1286563.4 ],
							[ 2721342.5, 1286569.3 ],
							[ 2721330.2, 1286577.9 ],
							[ 2721324.3, 1286581.2 ],
							[ 2720871.7, 1286779.7 ],
							[ 2720797.8, 1286827.3 ],
							[ 2720381.9, 1287040.8 ],
							[ 2720332, 1287059.5 ],
							[ 2720229.2, 1287083.1 ],
							[ 2720083.5, 1287094.3 ],
							[ 2719797.8, 1287426.6 ],
							[ 2719488.8, 1287511 ],
							[ 2719355.4, 1287515.2 ],
							[ 2718783.8, 1287657 ],
							[ 2718535, 1287926.2 ],
							[ 2718468.3, 1287950.9 ],
							[ 2717230.8, 1288713.1 ],
							[ 2717156.8, 1288738.2 ],
							[ 2716643.4, 1289186.8 ],
							[ 2716632.5, 1289187.9 ],
							[ 2715951, 1289172.3 ],
							[ 2715863, 1288791 ],
							[ 2715915.2, 1288721.8 ],
							[ 2715997.3, 1288503.3 ],
							[ 2716111.2, 1288419.9 ],
							[ 2716909.3, 1288220.7 ],
							[ 2717016.5, 1288194.7 ],
							[ 2718233.8, 1287004.1 ],
							[ 2718272.7, 1286978.6 ],
							[ 2718264.3, 1286665.5 ],
							[ 2717828, 1286785.6 ],
							[ 2717826.4, 1286786.5 ],
							[ 2717978.4, 1287002.5 ],
							[ 2717792.1, 1287132 ],
							[ 2717784.9, 1287132.7 ],
							[ 2717552.5, 1287114.8 ],
							[ 2717574.4, 1287369.2 ],
							[ 2717088.8, 1287236.7 ],
							[ 2717008.6, 1287431 ],
							[ 2716793.6, 1287438.5 ],
							[ 2716782.6, 1287440 ],
							[ 2716540.3, 1287591.1 ],
							[ 2716479.2, 1287646.7 ],
							[ 2716301, 1287676.9 ],
							[ 2716265.2, 1287688.7 ],
							[ 2716144.1, 1287779.2 ],
							[ 2716126.1, 1287785.4 ],
							[ 2715943.4, 1287953.3 ],
							[ 2715153.8, 1288325 ],
							[ 2714817.8, 1288160.5 ],
							[ 2714704.4, 1288312.3 ],
							[ 2714658.3, 1288333 ],
							[ 2714171.6, 1288502.7 ],
							[ 2714112.6, 1288511.6 ],
							[ 2713813.6, 1288425.7 ],
							[ 2713778.3, 1288437.8 ],
							[ 2713420, 1288352.8 ],
							[ 2713338.8, 1288346.4 ],
							[ 2712804.6, 1287945 ],
							[ 2712764.3, 1287948.4 ],
							[ 2712700.1, 1287961.2 ],
							[ 2712647.1, 1287339.8 ],
							[ 2713123, 1286838.2 ],
							[ 2713197.4, 1286806.4 ],
							[ 2713275, 1286767.2 ],
							[ 2713279.4, 1286765.6 ],
							[ 2713364.7, 1286728.5 ],
							[ 2713916.1, 1286523.3 ],
							[ 2714084.3, 1286415.2 ],
							[ 2714565.8, 1286107.2 ],
							[ 2714787.8, 1285989.6 ],
							[ 2714879.1, 1285925.5 ],
							[ 2714889, 1285917.2 ],
							[ 2715180.8, 1285641.2 ],
							[ 2715279.5, 1285591.2 ],
							[ 2716503.4, 1285254.3 ],
							[ 2716706.6, 1285199.3 ],
							[ 2717001.2, 1284960.6 ],
							[ 2717023.2, 1284926.2 ],
							[ 2717027, 1284919.8 ],
							[ 2717267.3, 1284632.2 ],
							[ 2717342.9, 1284550.9 ],
							[ 2717690.5, 1284045.1 ],
							[ 2717509.1, 1283639 ],
							[ 2716916.8, 1282780.4 ],
							[ 2715746.7, 1282023.6 ],
							[ 2715744.7, 1282023.8 ],
							[ 2715699, 1282026.1 ],
							[ 2715591.4, 1282004.1 ],
							[ 2715242.4, 1281732.9 ],
							[ 2715070.7, 1281267.6 ],
							[ 2714998.7, 1281296.7 ],
							[ 2714827.2, 1281242.2 ],
							[ 2714824.7, 1281241.8 ],
							[ 2714578.2, 1281194.3 ],
							[ 2714456.4, 1281186.5 ],
							[ 2714390.1, 1281177.6 ],
							[ 2714328.2, 1281158.2 ],
							[ 2713332.7, 1280507.2 ],
							[ 2713107.2, 1280394.2 ],
							[ 2712814.2, 1280127.6 ],
							[ 2712687.3, 1280054.4 ],
							[ 2712633.1, 1279802.2 ],
							[ 2712519.8, 1279834.5 ],
							[ 2712353.6, 1279813.5 ],
							[ 2712068.4, 1279740.4 ],
							[ 2711803.2, 1279923.8 ],
							[ 2711739.9, 1279923.3 ],
							[ 2711519.3, 1279825.9 ],
							[ 2711431.1, 1279793.3 ],
							[ 2711365.3, 1279775.8 ],
							[ 2711309.1, 1279754.8 ],
							[ 2711153.2, 1279671.1 ],
							[ 2711098.2, 1279645.4 ],
							[ 2710685.9, 1279333.9 ],
							[ 2709894.6, 1279258.8 ],
							[ 2709418.6, 1278946.8 ],
							[ 2709358.5, 1278940 ],
							[ 2709349.9, 1278974 ],
							[ 2709347.5, 1278974.1 ],
							[ 2708208.2, 1279419.1 ],
							[ 2708206.6, 1279420.8 ],
							[ 2708168, 1279434.6 ],
							[ 2707936, 1279391.6 ],
							[ 2707904.9, 1279397.5 ],
							[ 2706722.1, 1279621.3 ],
							[ 2706996, 1279229.6 ],
							[ 2707467.8, 1279106.6 ],
							[ 2707577.6, 1278884.6 ],
							[ 2708013.1, 1279121.9 ],
							[ 2708426.7, 1279008.9 ],
							[ 2709136.5, 1278108.6 ],
							[ 2709438, 1278081.6 ],
							[ 2710289, 1278031.4 ],
							[ 2711057, 1278570.4 ],
							[ 2711495.6, 1278378.4 ],
							[ 2712163, 1279030.5 ],
							[ 2713064.8, 1279055.8 ],
							[ 2713461, 1279356.6 ],
							[ 2713694.4, 1279262.4 ],
							[ 2714111.8, 1279654.5 ],
							[ 2714418.2, 1279511.6 ],
							[ 2715038.5, 1279826.9 ],
							[ 2715228.6, 1280470.3 ],
							[ 2715778.3, 1280513.9 ],
							[ 2715870.9, 1280913.5 ],
							[ 2716428.9, 1280876 ],
							[ 2717561, 1281246.5 ],
							[ 2718283.8, 1281405.3 ],
							[ 2718588.7, 1281735.6 ],
							[ 2719180.3, 1281446.5 ],
							[ 2720030.7, 1281706.5 ],
							[ 2720551, 1281469.5 ],
							[ 2720955, 1281673.2 ],
							[ 2722187.9, 1281664.5 ],
							[ 2722445.7, 1281699.8 ],
							[ 2723048.6, 1281281.9 ],
							[ 2723672.3, 1281814.7 ],
							[ 2723663.9, 1281678.1 ],
							[ 2723982.5, 1281600.6 ],
							[ 2724427.9, 1280861.7 ],
							[ 2724795.9, 1280859.4 ],
							[ 2725086.4, 1280735.7 ],
							[ 2726025.9, 1280781.4 ],
							[ 2726738.7, 1280893.3 ],
							[ 2727665.7, 1280554.6 ],
							[ 2728416.8, 1280918.5 ],
							[ 2729045.3, 1280883.4 ],
							[ 2729080.9, 1280881.4 ],
							[ 2729094.1, 1280907.6 ],
							[ 2729257.4, 1281229.1 ],
							[ 2729645, 1281292 ],
							[ 2730613.2, 1280947.8 ],
							[ 2730621.8, 1280943 ],
							[ 2730625.9, 1280940.7 ],
							[ 2730633.8, 1280936.5 ],
							[ 2730637.5, 1280934.5 ],
							[ 2730644.5, 1280930.8 ],
							[ 2730803.5, 1280425.7 ],
							[ 2730808.8, 1280426.3 ],
							[ 2730810.5, 1280426.4 ],
							[ 2730810.3, 1280388.6 ],
							[ 2730792.3, 1280384 ],
							[ 2730736.6, 1280190.5 ],
							[ 2730731.6, 1280189.2 ],
							[ 2730729.8, 1280124.9 ],
							[ 2730729.7, 1280121.1 ],
							[ 2730728.1, 1280061.3 ],
							[ 2730725.2, 1279956.4 ],
							[ 2730719.4, 1279928.6 ],
							[ 2730900.2, 1280021.5 ],
							[ 2730953.3, 1279804 ],
							[ 2730960.8, 1279789.5 ],
							[ 2731032.8, 1279689.5 ],
							[ 2730961.5, 1279359.5 ],
							[ 2731011.1, 1279456.8 ],
							[ 2731028.1, 1279443.2 ],
							[ 2731235.8, 1279471.5 ],
							[ 2731706.4, 1278904.8 ],
							[ 2732009, 1278919 ],
							[ 2732155.5, 1278925.9 ],
							[ 2732169.9, 1278926.6 ],
							[ 2732205.5, 1278928.3 ],
							[ 2732241.4, 1278930 ],
							[ 2732250.9, 1278930.4 ],
							[ 2732351.2, 1278863 ],
							[ 2732511.9, 1278755.1 ],
							[ 2732780.8, 1278574.5 ],
							[ 2733223.5, 1278653.4 ],
							[ 2733447.7, 1278275.8 ],
							[ 2733852.8, 1278031.5 ],
							[ 2734362.5, 1277576.5 ],
							[ 2734778.3, 1277642.8 ],
							[ 2734903.8, 1277427.5 ],
							[ 2735941.3, 1277190.4 ],
							[ 2737240.7, 1276377.5 ],
							[ 2738495.7, 1275729.5 ],
							[ 2739633.8, 1275179 ],
							[ 2741005.7, 1273949.5 ],
							[ 2742378.7, 1272887.5 ],
							[ 2744330.7, 1271769.5 ],
							[ 2745898.9, 1270874.4 ],
							[ 2746185, 1270850.8 ],
							[ 2746328, 1270479.9 ],
							[ 2746441.7, 1270646.3 ],
							[ 2746490.1, 1270292.9 ],
							[ 2746078.1, 1270247.2 ],
							[ 2746271.7, 1269895.2 ],
							[ 2746155.7, 1269092.5 ],
							[ 2746265.7, 1268677.5 ],
							[ 2746651, 1268343.7 ],
							[ 2746667.9, 1267989.7 ],
							[ 2746980.5, 1267651.5 ],
							[ 2748028.7, 1266922.9 ],
							[ 2748126.8, 1266821.7 ],
							[ 2748965.6, 1265956.5 ],
							[ 2749692.9, 1265290.1 ],
							[ 2749975, 1265110.7 ],
							[ 2750225.3, 1265256.8 ],
							[ 2750239.4, 1265244 ],
							[ 2750708.8, 1264821.4 ],
							[ 2750772.8, 1264351.6 ],
							[ 2750578.4, 1264470.8 ],
							[ 2750344.1, 1264166.3 ],
							[ 2750445.6, 1263666.5 ]
						]
					]
				]
			},
			"properties" : {
				"SEENR" : 9326,
				"SEENAME" : "Bodensee",
				"AREA_HA" : 54026,
				"E_CNTR" : 2746002,
				"N_CNTR" : 1275301,
				"E_MIN" : 2706683,
				"N_MIN" : 1260625,
				"E_MAX" : 2774369,
				"N_MAX" : 1297582,
				"REFDATE" : "20250101",
				"PUBDATE" : "20250131"
			}
		},
		{
			"type" : "Feature",
			"geometry" : {
				"type" : "MultiPolygon",
				"coordinates" : [
					[
						[
							[ 2719231.7, 1093554.2 ],
							[ 2719233.2, 1093556.8 ],
							[ 2719234.3, 1093557.8 ],
							[ 2719236.5, 1093559.7 ],
							[ 2719839.4, 1094097.2 ],
							[ 2720470, 1094383.3 ],
							[ 2721033.3, 1094638.8 ],
							[ 2721517.2, 1094829.2 ],
							[ 2721869.6, 1095240 ],
							[ 2722858, 1095600.1 ],
							[ 2723110.6, 1095815.5 ],
							[ 2724303.7, 1096856.9 ],
							[ 2725989.8, 1096731.1 ],
							[ 2727237.9, 1096411.4 ],
							[ 2727512.6, 1096596.6 ],
							[ 2727759, 1096410.7 ],
							[ 2728134.8, 1096464 ],
							[ 2730366, 1098463.9 ],
							[ 2730559.6, 1098484.4 ],
							[ 2730578.3, 1098665.6 ],
							[ 2730354.3, 1099277.1 ],
							[ 2729856.6, 1099667.5 ],
							[ 2729027.1, 1099195 ],
							[ 2728072.9, 1098345.2 ],
							[ 2726202.3, 1098174 ],
							[ 2724183.3, 1098241.9 ],
							[ 2722893.3, 1097501.8 ],
							[ 2722665.2, 1097383 ],
							[ 2722665.6, 1097379.2 ],
							[ 2722666.5, 1097370.5 ],
							[ 2721204.6, 1096065.5 ],
							[ 2720445.3, 1095906.8 ],
							[ 2719965.4, 1095687.2 ],
							[ 2719411.8, 1095433.8 ],
							[ 2718921.3, 1095555.5 ],
							[ 2718498.6, 1096033.8 ],
							[ 2718128.7, 1095950.1 ],
							[ 2717975.5, 1095676.1 ],
							[ 2717694.6, 1095881.9 ],
							[ 2717156.9, 1095704.4 ],
							[ 2716843.2, 1094658.9 ],
							[ 2717572.6, 1094096.6 ],
							[ 2717585.2, 1093631.8 ],
							[ 2717688.5, 1093546.1 ],
							[ 2717558.2, 1092803.8 ],
							[ 2717045.4, 1091881.6 ],
							[ 2716951.1, 1090830.3 ],
							[ 2717117.9, 1090516.7 ],
							[ 2717779.5, 1090236.4 ],
							[ 2716698, 1089993.6 ],
							[ 2716128.1, 1088636.8 ],
							[ 2715448.1, 1087588.7 ],
							[ 2714787.1, 1086843.3 ],
							[ 2714436.7, 1086720.9 ],
							[ 2713317.3, 1087707.8 ],
							[ 2713175.2, 1088014.9 ],
							[ 2713600.1, 1089536.8 ],
							[ 2713687.1, 1089742.7 ],
							[ 2713511.5, 1090128.9 ],
							[ 2713652.7, 1090331.3 ],
							[ 2713407.9, 1090625.6 ],
							[ 2713285.1, 1091393.8 ],
							[ 2713125.1, 1091851.6 ],
							[ 2713243.1, 1092167.7 ],
							[ 2713333.1, 1092408.9 ],
							[ 2713554.2, 1092890.4 ],
							[ 2713975.2, 1093807.4 ],
							[ 2714125.2, 1094133.9 ],
							[ 2714123.2, 1094308.9 ],
							[ 2713805.2, 1094786.9 ],
							[ 2713301.6, 1094414.5 ],
							[ 2712996.1, 1094491 ],
							[ 2712738.1, 1094043.9 ],
							[ 2712808.1, 1092538.9 ],
							[ 2712688.9, 1092246.9 ],
							[ 2712449.2, 1092272.3 ],
							[ 2712027.2, 1091938.3 ],
							[ 2712382.1, 1091223.2 ],
							[ 2712291.4, 1091002.4 ],
							[ 2711676.9, 1090774.2 ],
							[ 2710969.3, 1090963.8 ],
							[ 2710933.6, 1090987.5 ],
							[ 2710996.3, 1091375.7 ],
							[ 2711343.7, 1091813.2 ],
							[ 2711228.6, 1091725.4 ],
							[ 2710841.2, 1092192.6 ],
							[ 2710473, 1092001.9 ],
							[ 2710264.1, 1091774 ],
							[ 2710107.7, 1091604.3 ],
							[ 2710108.9, 1091599.8 ],
							[ 2710212.3, 1091219.6 ],
							[ 2710255.3, 1091061.6 ],
							[ 2710586.3, 1090872.5 ],
							[ 2710726.7, 1090792.3 ],
							[ 2710857.1, 1090775.6 ],
							[ 2711297.5, 1090719.2 ],
							[ 2711446.9, 1090199.9 ],
							[ 2712608.6, 1090234.1 ],
							[ 2712568.6, 1089694 ],
							[ 2712863.8, 1089168.6 ],
							[ 2712478.2, 1088470.6 ],
							[ 2712456.4, 1087643.4 ],
							[ 2712748.1, 1086702.7 ],
							[ 2713052.9, 1086487.2 ],
							[ 2713146.8, 1086420.8 ],
							[ 2713347.3, 1086279.1 ],
							[ 2713350.6, 1086257.4 ],
							[ 2713429.8, 1085738.6 ],
							[ 2713432, 1085724.3 ],
							[ 2713428.3, 1085714.1 ],
							[ 2713228.1, 1085171.4 ],
							[ 2713119.7, 1084877.2 ],
							[ 2713779.3, 1084557.6 ],
							[ 2713841.3, 1084984.3 ],
							[ 2713840.7, 1084990.1 ],
							[ 2713846.9, 1085000.1 ],
							[ 2713848.2, 1085001 ],
							[ 2714058.9, 1085310.9 ],
							[ 2714075.5, 1085335.3 ],
							[ 2714245, 1085584.6 ],
							[ 2714250.7, 1085593 ],
							[ 2714389.3, 1085647.1 ],
							[ 2714621.9, 1085737.9 ],
							[ 2714686.2, 1085763 ],
							[ 2714688.1, 1085763.7 ],
							[ 2715583, 1086365.3 ],
							[ 2716353, 1087660.8 ],
							[ 2716626.4, 1087746.5 ],
							[ 2717083, 1088305.1 ],
							[ 2717225.1, 1088186.7 ],
							[ 2717952.4, 1087755.2 ],
							[ 2718792.9, 1086958.4 ],
							[ 2718824.1, 1085895 ],
							[ 2719055.4, 1085543 ],
							[ 2718947.9, 1085121.5 ],
							[ 2719348.2, 1084906.6 ],
							[ 2719667.8, 1084992 ],
							[ 2719828.2, 1085698.7 ],
							[ 2719866.3, 1086401.2 ],
							[ 2719281.3, 1087082.2 ],
							[ 2719235.1, 1087662.1 ],
							[ 2718993.2, 1087708.7 ],
							[ 2718608.2, 1088044.9 ],
							[ 2718623.3, 1088565.3 ],
							[ 2718330.2, 1088741.8 ],
							[ 2718426.8, 1089715.6 ],
							[ 2718228.1, 1090122 ],
							[ 2717829.1, 1090252.8 ],
							[ 2718298.8, 1090242.5 ],
							[ 2718572.1, 1091304.7 ],
							[ 2718634.3, 1091694.5 ],
							[ 2718722.2, 1092255.8 ],
							[ 2718992.2, 1092568.8 ],
							[ 2718965.6, 1093095.4 ],
							[ 2719231.7, 1093554.2 ]
						]
					]
				]
			},
			"properties" : {
				"SEENR" : 9709,
				"SEENAME" : "Lago di Lugano",
				"AREA_HA" : 4872,
				"E_CNTR" : 2720339,
				"N_CNTR" : 1095096,
				"E_MIN" : 2710100,
				"N_MIN" : 1084533,
				"E_MAX" : 2730579,
				"N_MAX" : 1099669,
				"REFDATE" : "20250101",
				"PUBDATE" : "20250131"
			}
		},
		{
			"type" : "Feature",
			"geometry" : {
				"type" : "MultiPolygon",
				"coordinates" : [
					[
						[
							[ 2697291.5, 1106382.8 ],
							[ 2696886.6, 1105273.2 ],
							[ 2696928.8, 1104570.9 ],
							[ 2697273.7, 1103476.1 ],
							[ 2697081.9, 1103049.5 ],
							[ 2697424.7, 1102848 ],
							[ 2697287.3, 1102658.7 ],
							[ 2697239.6, 1102592.9 ],
							[ 2697472.2, 1102617.1 ],
							[ 2697583.8, 1102628.7 ],
							[ 2697700.4, 1101686.1 ],
							[ 2698190, 1100967 ],
							[ 2698037.4, 1100354.2 ],
							[ 2698261.4, 1099300.7 ],
							[ 2698540.8, 1099076.1 ],
							[ 2698496.7, 1098390.4 ],
							[ 2697598.9, 1097666.3 ],
							[ 2696661.7, 1097455.6 ],
							[ 2696227.9, 1097031.5 ],
							[ 2696022.1, 1097129.9 ],
							[ 2695863.6, 1097205.8 ],
							[ 2695803.8, 1097150.9 ],
							[ 2695634.8, 1096995.9 ],
							[ 2694775, 1095748.9 ],
							[ 2693944.5, 1093967.8 ],
							[ 2693414.7, 1093530.4 ],
							[ 2692752.9, 1092364.5 ],
							[ 2692203.6, 1091747.2 ],
							[ 2691655.1, 1090219.8 ],
							[ 2689273.7, 1088226.3 ],
							[ 2688712.8, 1088095.1 ],
							[ 2688085.1, 1087691.5 ],
							[ 2688029, 1087328.2 ],
							[ 2687857.7, 1087370.1 ],
							[ 2687834.2, 1087091.2 ],
							[ 2687494.8, 1086798.5 ],
							[ 2687065.1, 1085458.5 ],
							[ 2686761.7, 1085645.5 ],
							[ 2686567.1, 1086017.7 ],
							[ 2686552.2, 1086046.2 ],
							[ 2686097.9, 1086129.2 ],
							[ 2685448, 1087149.6 ],
							[ 2684859.5, 1087387.1 ],
							[ 2682332.5, 1088407.2 ],
							[ 2682122.6, 1088290.2 ],
							[ 2682008.5, 1088226.7 ],
							[ 2682011, 1088212.9 ],
							[ 2682038.6, 1088061.2 ],
							[ 2682528.8, 1088099.2 ],
							[ 2682924.8, 1087820.8 ],
							[ 2682257.3, 1087964 ],
							[ 2681474.8, 1087618.9 ],
							[ 2680982.2, 1087183.4 ],
							[ 2680877.4, 1086838.2 ],
							[ 2681489.7, 1086469.5 ],
							[ 2682744.8, 1085276.9 ],
							[ 2682904.3, 1084949.3 ],
							[ 2682888.6, 1084321.2 ],
							[ 2683979.8, 1082743.1 ],
							[ 2684014.6, 1082692.8 ],
							[ 2684054.2, 1082694.3 ],
							[ 2684377.7, 1082707.1 ],
							[ 2685222.8, 1082183.5 ],
							[ 2686653.7, 1081614.3 ],
							[ 2687510.4, 1080541.2 ],
							[ 2688267.4, 1077121.5 ],
							[ 2687622.9, 1076038.2 ],
							[ 2687625.3, 1074944.9 ],
							[ 2686844.4, 1074197.1 ],
							[ 2686135.4, 1074302.5 ],
							[ 2686005, 1073495.3 ],
							[ 2685511.9, 1072418.8 ],
							[ 2685765.2, 1071879.7 ],
							[ 2685969, 1070026.9 ],
							[ 2686298.6, 1069449.3 ],
							[ 2687339.5, 1068483.1 ],
							[ 2687345.5, 1067789.3 ],
							[ 2687869.9, 1067562.1 ],
							[ 2687814.4, 1066732.1 ],
							[ 2688867.4, 1065818.7 ],
							[ 2689262.6, 1064391.1 ],
							[ 2689324.5, 1064167.5 ],
							[ 2689926.2, 1064312.5 ],
							[ 2690525.4, 1064456.9 ],
							[ 2690756.2, 1064417.3 ],
							[ 2692516.9, 1064115.7 ],
							[ 2691835.6, 1064517.1 ],
							[ 2691932.3, 1064798.5 ],
							[ 2691785.2, 1064917.8 ],
							[ 2691309.4, 1064550.2 ],
							[ 2690917.4, 1064562.9 ],
							[ 2690809.8, 1064712.1 ],
							[ 2690774.1, 1064761.6 ],
							[ 2690768.6, 1064769.4 ],
							[ 2690916.4, 1065267.8 ],
							[ 2690773.9, 1065482.6 ],
							[ 2690239.4, 1065238.9 ],
							[ 2689785.7, 1067574.8 ],
							[ 2689458.6, 1067713.2 ],
							[ 2689109.5, 1067630.3 ],
							[ 2689100, 1067962.2 ],
							[ 2688701.5, 1068600.2 ],
							[ 2688744.4, 1069116.9 ],
							[ 2689266.4, 1069558.4 ],
							[ 2689038.3, 1069381.5 ],
							[ 2688823.3, 1069544.4 ],
							[ 2688030.3, 1069408.9 ],
							[ 2687970.7, 1069398.7 ],
							[ 2687901.8, 1069507.2 ],
							[ 2687400.6, 1070296.1 ],
							[ 2687453.7, 1071052.8 ],
							[ 2687795.8, 1072015.4 ],
							[ 2687738.4, 1072488.6 ],
							[ 2687929.8, 1072742 ],
							[ 2687939.4, 1072743.5 ],
							[ 2688484.4, 1072832 ],
							[ 2688761.8, 1072727.2 ],
							[ 2689251.5, 1072542.3 ],
							[ 2690353.8, 1072905.6 ],
							[ 2690823.5, 1073433.8 ],
							[ 2690787.1, 1074738.8 ],
							[ 2691197.1, 1075109.6 ],
							[ 2691235.2, 1075517.9 ],
							[ 2691747.1, 1075291.1 ],
							[ 2692281.5, 1075875.1 ],
							[ 2692020.1, 1076548.2 ],
							[ 2691696.7, 1078664.7 ],
							[ 2691358.2, 1078591.2 ],
							[ 2691048.8, 1078787 ],
							[ 2690649, 1079618.3 ],
							[ 2690459.1, 1080553.5 ],
							[ 2689924.4, 1081213.6 ],
							[ 2690148.8, 1082020 ],
							[ 2689954.3, 1082596.1 ],
							[ 2689652.5, 1082827 ],
							[ 2689786.9, 1083815.9 ],
							[ 2690124.1, 1084546.5 ],
							[ 2691446, 1084625.2 ],
							[ 2691592.9, 1084836.7 ],
							[ 2691427.6, 1085142.9 ],
							[ 2690911.3, 1085471.1 ],
							[ 2691340.1, 1086133.4 ],
							[ 2692574, 1086816.4 ],
							[ 2693209.4, 1087685.1 ],
							[ 2693823.7, 1088212.5 ],
							[ 2694347.1, 1088243.8 ],
							[ 2694770.2, 1088594.7 ],
							[ 2694867.9, 1089806.5 ],
							[ 2695860.1, 1090621.7 ],
							[ 2697298.8, 1091472.9 ],
							[ 2698483.6, 1092689.7 ],
							[ 2698611.3, 1093781.1 ],
							[ 2699168.2, 1094034.5 ],
							[ 2699463.3, 1094619 ],
							[ 2699469.6, 1094631.4 ],
							[ 2700045.8, 1094735.1 ],
							[ 2700315.7, 1094783.6 ],
							[ 2701404.8, 1096049.6 ],
							[ 2701670.2, 1096957.5 ],
							[ 2701622.8, 1097751.8 ],
							[ 2701177.1, 1098747.8 ],
							[ 2700063, 1099507.1 ],
							[ 2700179.2, 1100870.7 ],
							[ 2699810.8, 1101815.4 ],
							[ 2699947.5, 1102790.6 ],
							[ 2699134.9, 1103927.7 ],
							[ 2699079.2, 1104271.7 ],
							[ 2700239.6, 1105665 ],
							[ 2700358.8, 1106485.7 ],
							[ 2700755.1, 1106563.1 ],
							[ 2701854.4, 1106777.8 ],
							[ 2701860, 1106778.9 ],
							[ 2702311.3, 1106977 ],
							[ 2702743.1, 1107466.9 ],
							[ 2703520.1, 1108304 ],
							[ 2703949.5, 1108884.7 ],
							[ 2704176.2, 1108887.4 ],
							[ 2704765.1, 1109352 ],
							[ 2705109.3, 1109728.4 ],
							[ 2706270.1, 1110547.1 ],
							[ 2707613.2, 1110879.1 ],
							[ 2708032.2, 1110987.1 ],
							[ 2708356.7, 1111332.6 ],
							[ 2709063.2, 1111504.1 ],
							[ 2709690.2, 1112019.1 ],
							[ 2709424.5, 1112399.2 ],
							[ 2709973.7, 1112611.7 ],
							[ 2709360.8, 1112779.5 ],
							[ 2709483.1, 1112867.6 ],
							[ 2709333, 1113063.6 ],
							[ 2710114.2, 1113527 ],
							[ 2709322.6, 1113233.6 ],
							[ 2709259.9, 1113459.1 ],
							[ 2709552.6, 1113451.5 ],
							[ 2709651.8, 1113654.9 ],
							[ 2709435.9, 1113621.2 ],
							[ 2709660.2, 1113892.1 ],
							[ 2709197.5, 1113621.2 ],
							[ 2708510.2, 1114552.1 ],
							[ 2708231.3, 1115120.6 ],
							[ 2707730.9, 1115233.6 ],
							[ 2707143.3, 1114671.2 ],
							[ 2705925.1, 1114277.1 ],
							[ 2705253.1, 1114162.1 ],
							[ 2705523, 1113397 ],
							[ 2705526.8, 1112844.6 ],
							[ 2705340.2, 1112814.9 ],
							[ 2705490.7, 1112816.4 ],
							[ 2705476.7, 1112405 ],
							[ 2705226.8, 1112380.7 ],
							[ 2705521.5, 1112326.9 ],
							[ 2705550.6, 1112176 ],
							[ 2705387, 1111881.4 ],
							[ 2704878.1, 1111749.1 ],
							[ 2704574.3, 1111425.5 ],
							[ 2704020.5, 1111356.4 ],
							[ 2703175.2, 1111728 ],
							[ 2702597.5, 1112356.1 ],
							[ 2702338.6, 1112135 ],
							[ 2702084.5, 1112274.1 ],
							[ 2700550, 1111659.1 ],
							[ 2699900.4, 1111314.3 ],
							[ 2698970, 1109872 ],
							[ 2698522, 1108698.6 ],
							[ 2698588, 1108447 ],
							[ 2698221.5, 1108103.3 ],
							[ 2698101.1, 1107640.4 ],
							[ 2698086.9, 1107586 ],
							[ 2697778.8, 1107355.3 ],
							[ 2697280, 1106387.1 ],
							[ 2697291.5, 1106382.8 ]
						]
					]
				]
			},
			"properties" : {
				"SEENR" : 9712,
				"SEENAME" : "Lago Maggiore",
				"AREA_HA" : 21094,
				"E_CNTR" : 2694163,
				"N_CNTR" : 1091453,
				"E_MIN" : 2680874,
				"N_MIN" : 1064039,
				"E_MAX" : 2710115,
				"N_MAX" : 1115237,
				"REFDATE" : "20250101",
				"PUBDATE" : "20250131"
			}
		},
		{
			"type" : "Feature",
			"geometry" : {
				"type" : "MultiPolygon",
				"coordinates" : [
					[
						[
							[ 2509329.1, 1163268.7 ],
							[ 2509626.4, 1163693.2 ],
							[ 2509900.4, 1163709.2 ],
							[ 2510054.9, 1164017.5 ],
							[ 2510351.1, 1164105.8 ],
							[ 2510354.2, 1164267.9 ],
							[ 2511217.8, 1164550.7 ],
							[ 2511325.7, 1164908.2 ],
							[ 2511868.1, 1165118.9 ],
							[ 2513003.6, 1166159.6 ],
							[ 2513396.4, 1166327.8 ],
							[ 2514172.6, 1167203.2 ],
							[ 2514611.6, 1167316.9 ],
							[ 2514678.1, 1168071.6 ],
							[ 2515221.9, 1168820.3 ],
							[ 2515068.6, 1169041.2 ],
							[ 2514781.4, 1169091.8 ],
							[ 2514702.1, 1168818.8 ],
							[ 2514180.4, 1168349.5 ],
							[ 2511626.1, 1166598.3 ],
							[ 2509422.6, 1164725.9 ],
							[ 2509103.8, 1164187.4 ],
							[ 2508767.7, 1164060.8 ],
							[ 2508670.8, 1163686.9 ],
							[ 2508269.8, 1163420.2 ],
							[ 2508304.4, 1163056.6 ],
							[ 2508535.6, 1162918.3 ],
							[ 2508980.2, 1163315.6 ],
							[ 2509143.8, 1163168.5 ],
							[ 2509329.1, 1163268.7 ]
						]
					]
				]
			},
			"properties" : {
				"SEENR" : 9751,
				"SEENAME" : "Lac de Joux",
				"AREA_HA" : 879,
				"E_CNTR" : 2511748,
				"N_CNTR" : 1165868,
				"E_MIN" : 2508267,
				"N_MIN" : 1162915,
				"E_MAX" : 2515224,
				"N_MAX" : 1169120,
				"REFDATE" : "20250101",
				"PUBDATE" : "20250131"
			}
		},
		{
			"type" : "Feature",
			"geometry" : {
				"type" : "MultiPolygon",
				"coordinates" : [
					[
						[
							[ 2555439.5, 1138258.4 ],
							[ 2555505.7, 1138354.4 ],
							[ 2556012.3, 1138117.9 ],
							[ 2556494, 1138307.4 ],
							[ 2556657.3, 1137959.3 ],
							[ 2556692.6, 1137775.4 ],
							[ 2556721.4, 1137673.6 ],
							[ 2556762.5, 1137528.4 ],
							[ 2556782.5, 1137528.4 ],
							[ 2556757.8, 1137682.6 ],
							[ 2556919.6, 1137555.4 ],
							[ 2557076.9, 1137631.9 ],
							[ 2556937.6, 1137763.4 ],
							[ 2556918, 1137767.8 ],
							[ 2556717.7, 1137812.3 ],
							[ 2556694.6, 1137988.4 ],
							[ 2556529.5, 1138270.6 ],
							[ 2557599.4, 1138465.6 ],
							[ 2557477.6, 1138855.4 ],
							[ 2557514.6, 1138868.4 ],
							[ 2557701.4, 1138392.8 ],
							[ 2558231.5, 1138271.8 ],
							[ 2558606.5, 1138487.5 ],
							[ 2560002.7, 1138326.8 ],
							[ 2560029.6, 1138555.4 ],
							[ 2560383.7, 1138576.3 ],
							[ 2560507.5, 1139130.1 ],
							[ 2560954.7, 1139793.4 ],
							[ 2560668.1, 1140453.9 ],
							[ 2560678.7, 1140897.2 ],
							[ 2560382.7, 1141220.4 ],
							[ 2560402.8, 1141568.1 ],
							[ 2560089.2, 1142098.3 ],
							[ 2559824.3, 1142202.2 ],
							[ 2559537.6, 1142073.8 ],
							[ 2559272.7, 1142312.1 ],
							[ 2559305.1, 1142797.3 ],
							[ 2558751.2, 1143360.9 ],
							[ 2557843.3, 1143219.9 ],
							[ 2557462.1, 1143588 ],
							[ 2557237.8, 1143465.5 ],
							[ 2556887.7, 1143980.3 ],
							[ 2556552.1, 1144237 ],
							[ 2555944.3, 1144300.2 ],
							[ 2555543.2, 1144135.9 ],
							[ 2554944.7, 1145225.4 ],
							[ 2553672.3, 1145643.7 ],
							[ 2553447.7, 1146403.4 ],
							[ 2551969.7, 1146713.4 ],
							[ 2551623.8, 1146612.8 ],
							[ 2551644.2, 1146782.4 ],
							[ 2550859.6, 1146955.4 ],
							[ 2549872.6, 1147188.4 ],
							[ 2549247.6, 1147213.4 ],
							[ 2547964, 1147856.8 ],
							[ 2547189.6, 1148583.4 ],
							[ 2546589.7, 1148905.4 ],
							[ 2545932.3, 1148891.9 ],
							[ 2545627.8, 1148621.2 ],
							[ 2544927.6, 1148625.4 ],
							[ 2544357.6, 1149075.4 ],
							[ 2543577.6, 1149750.4 ],
							[ 2541462.6, 1150605.4 ],
							[ 2540859.6, 1150645.4 ],
							[ 2540530.9, 1150812.1 ],
							[ 2538854.6, 1150758.4 ],
							[ 2538850.1, 1150758.4 ],
							[ 2538837.6, 1150708.4 ],
							[ 2538780.7, 1150718.6 ],
							[ 2538639.5, 1150774.5 ],
							[ 2538565.3, 1150804.6 ],
							[ 2538399.9, 1150871.6 ],
							[ 2538298.9, 1150919 ],
							[ 2538114.3, 1150972.1 ],
							[ 2538096.5, 1150968.1 ],
							[ 2538048, 1150957.3 ],
							[ 2538029.9, 1150953.3 ],
							[ 2537967, 1150939.2 ],
							[ 2537802.4, 1150902.6 ],
							[ 2537764.5, 1150754.5 ],
							[ 2537757.8, 1150728.2 ],
							[ 2537683.7, 1150791 ],
							[ 2537661.6, 1150809.8 ],
							[ 2537648.4, 1150820.9 ],
							[ 2537604, 1150707.6 ],
							[ 2537621.9, 1150843.4 ],
							[ 2537397.1, 1151025.2 ],
							[ 2537060.2, 1151181.2 ],
							[ 2537018.3, 1151038 ],
							[ 2536706.8, 1151367.4 ],
							[ 2536235.5, 1151585.5 ],
							[ 2535889.3, 1151478.6 ],
							[ 2535797.5, 1151554.5 ],
							[ 2535766, 1151580.6 ],
							[ 2535724.3, 1151616.6 ],
							[ 2535319.5, 1151965.4 ],
							[ 2535214.2, 1152056.1 ],
							[ 2535046.5, 1152200.6 ],
							[ 2535032.1, 1152213 ],
							[ 2535026.8, 1152212.3 ],
							[ 2534892, 1152195.6 ],
							[ 2534746.5, 1152177.5 ],
							[ 2534614.3, 1152161.1 ],
							[ 2534609.6, 1152160.5 ],
							[ 2533964.4, 1152164.7 ],
							[ 2533549.2, 1151701.7 ],
							[ 2532963.6, 1151575.6 ],
							[ 2532537.7, 1151107.7 ],
							[ 2531018.5, 1151041.5 ],
							[ 2530992.5, 1151158.5 ],
							[ 2530743.3, 1151140.1 ],
							[ 2529446.4, 1152018.8 ],
							[ 2528986.7, 1151952.6 ],
							[ 2528655.2, 1152065.3 ],
							[ 2528364.7, 1151931.9 ],
							[ 2527992.5, 1151322.1 ],
							[ 2527723.2, 1150880.9 ],
							[ 2527662.9, 1150828.5 ],
							[ 2527572.4, 1150749.8 ],
							[ 2527481.4, 1150762.3 ],
							[ 2527477.5, 1150755.6 ],
							[ 2527100.1, 1150411.7 ],
							[ 2527154.7, 1150563.3 ],
							[ 2526944.5, 1150460.6 ],
							[ 2526918, 1150489.1 ],
							[ 2526607.7, 1150015.8 ],
							[ 2526563.5, 1149449.5 ],
							[ 2526379.5, 1149350.5 ],
							[ 2525589.8, 1149296.7 ],
							[ 2525163.5, 1148896.8 ],
							[ 2524922.8, 1148290.7 ],
							[ 2525013.5, 1147946.9 ],
							[ 2524440, 1147970.3 ],
							[ 2524027.7, 1147466.2 ],
							[ 2522974.5, 1147093.5 ],
							[ 2521838.2, 1146869.2 ],
							[ 2520479.8, 1145853.6 ],
							[ 2519554.5, 1146000.6 ],
							[ 2518974.2, 1146464.6 ],
							[ 2518657.5, 1146470.6 ],
							[ 2518182.9, 1146572.6 ],
							[ 2516499.5, 1146100.6 ],
							[ 2516062.1, 1146126.5 ],
							[ 2515488.4, 1145642.7 ],
							[ 2514952.1, 1144801.8 ],
							[ 2514066.5, 1144227.6 ],
							[ 2513205.4, 1142935.6 ],
							[ 2512939.5, 1142617.4 ],
							[ 2512272.6, 1142279.4 ],
							[ 2512229.4, 1142087.6 ],
							[ 2511764.6, 1141904.9 ],
							[ 2511699.2, 1140962.6 ],
							[ 2511038.1, 1140010.4 ],
							[ 2511060.3, 1139073.8 ],
							[ 2510719.4, 1138875.6 ],
							[ 2510419.6, 1138325.9 ],
							[ 2509241.4, 1138645.4 ],
							[ 2508376.4, 1137990.6 ],
							[ 2508306.2, 1137512.5 ],
							[ 2508158.4, 1137585.2 ],
							[ 2507453.8, 1136861 ],
							[ 2507255.4, 1136296.7 ],
							[ 2506744.4, 1135742.6 ],
							[ 2506267.5, 1135363.7 ],
							[ 2505636.4, 1134277.6 ],
							[ 2505205, 1133628.4 ],
							[ 2505169.4, 1132692.6 ],
							[ 2504849, 1132252.6 ],
							[ 2504833.7, 1131688.9 ],
							[ 2504621.3, 1131215.6 ],
							[ 2504141.5, 1130143.7 ],
							[ 2503549.3, 1129593.6 ],
							[ 2503151.3, 1128917.6 ],
							[ 2502444, 1128042.5 ],
							[ 2502274.3, 1127832.5 ],
							[ 2502326.5, 1127519.3 ],
							[ 2502382.4, 1127183.7 ],
							[ 2502245.4, 1127149.7 ],
							[ 2501999.1, 1126397.7 ],
							[ 2502315.3, 1125605 ],
							[ 2502151.3, 1125115.2 ],
							[ 2501902.9, 1124257.6 ],
							[ 2501909.3, 1124415.6 ],
							[ 2501581.5, 1124312.5 ],
							[ 2501119.4, 1123492.2 ],
							[ 2500749.3, 1123021.2 ],
							[ 2500891.5, 1122384.1 ],
							[ 2500546.5, 1120435.2 ],
							[ 2500854.7, 1119670.9 ],
							[ 2500721.5, 1119052.2 ],
							[ 2500794.2, 1118554 ],
							[ 2501093, 1118425.5 ],
							[ 2500762.4, 1118498.3 ],
							[ 2500653.6, 1118375.1 ],
							[ 2500401.5, 1118089.7 ],
							[ 2500536.7, 1117890.9 ],
							[ 2500658.4, 1117867 ],
							[ 2500763.5, 1117846.4 ],
							[ 2500890.5, 1117821.5 ],
							[ 2501016.2, 1117909 ],
							[ 2501097.7, 1117965.7 ],
							[ 2501004.2, 1118210.9 ],
							[ 2501079.5, 1118106.1 ],
							[ 2501152.2, 1118004.8 ],
							[ 2501503.4, 1118352.8 ],
							[ 2501664.7, 1118279.9 ],
							[ 2501686.5, 1118272.4 ],
							[ 2501718.9, 1118291.2 ],
							[ 2502263.2, 1118606.1 ],
							[ 2502265.3, 1118607.3 ],
							[ 2502269.8, 1118609.9 ],
							[ 2502271.9, 1118611.2 ],
							[ 2502278.3, 1118621.4 ],
							[ 2502280, 1118624.2 ],
							[ 2502281.2, 1118626.2 ],
							[ 2502282.8, 1118628.8 ],
							[ 2502283.6, 1118629.9 ],
							[ 2502286.8, 1118635.1 ],
							[ 2502288.3, 1118637.5 ],
							[ 2502319.8, 1118688.2 ],
							[ 2502203.6, 1118853.9 ],
							[ 2502467.1, 1118925.6 ],
							[ 2502490.2, 1118962.8 ],
							[ 2502532.8, 1119031.5 ],
							[ 2502580.5, 1119108.4 ],
							[ 2503711.9, 1120931.3 ],
							[ 2503891.4, 1121470.2 ],
							[ 2504008.1, 1121955.6 ],
							[ 2503823.9, 1122339.4 ],
							[ 2504052.4, 1123673.6 ],
							[ 2504420.3, 1124367.7 ],
							[ 2505251.4, 1124527.2 ],
							[ 2505732.2, 1125252.9 ],
							[ 2506728.7, 1126756.8 ],
							[ 2507336.4, 1127220.3 ],
							[ 2507840.9, 1128135.2 ],
							[ 2507807.9, 1128622.5 ],
							[ 2507796.4, 1128792.3 ],
							[ 2507810.4, 1128798.8 ],
							[ 2508395.9, 1129069.5 ],
							[ 2508632.6, 1129458.9 ],
							[ 2508651.5, 1129489.9 ],
							[ 2509069.9, 1130561.6 ],
							[ 2508938.4, 1131005.9 ],
							[ 2510120.5, 1132438.6 ],
							[ 2510561.1, 1133304.5 ],
							[ 2510542.5, 1133797.5 ],
							[ 2511792.6, 1134952.1 ],
							[ 2512567.8, 1135416.7 ],
							[ 2512535.9, 1135568.4 ],
							[ 2513252.1, 1135727 ],
							[ 2513538.5, 1135790.4 ],
							[ 2514053.3, 1135904.4 ],
							[ 2514209.5, 1136177.9 ],
							[ 2514735.7, 1135953.1 ],
							[ 2514873.9, 1135956.7 ],
							[ 2515421.9, 1135971.3 ],
							[ 2515836.3, 1135982.2 ],
							[ 2516291.9, 1135661.9 ],
							[ 2516247.9, 1135123.8 ],
							[ 2516744.1, 1134273.9 ],
							[ 2516933.1, 1133566.5 ],
							[ 2518523.1, 1132794 ],
							[ 2519276.9, 1132666.3 ],
							[ 2519853.8, 1133604.8 ],
							[ 2520381.8, 1133802.8 ],
							[ 2521088.8, 1134801.5 ],
							[ 2522420.4, 1134809.7 ],
							[ 2526038.4, 1136485.2 ],
							[ 2526145.6, 1136675.3 ],
							[ 2526424.4, 1137170 ],
							[ 2526451.5, 1138252.8 ],
							[ 2526664.7, 1138548.8 ],
							[ 2527182.1, 1138994.8 ],
							[ 2528197.2, 1139485.4 ],
							[ 2528702.7, 1139680.8 ],
							[ 2528855.7, 1139699.1 ],
							[ 2529333.1, 1139648.7 ],
							[ 2529501.5, 1139546.5 ],
							[ 2531243.5, 1138557 ],
							[ 2534581, 1139359.1 ],
							[ 2535867.6, 1139336.1 ],
							[ 2538303.2, 1139736.3 ],
							[ 2540295.7, 1139546.7 ],
							[ 2541532.6, 1139834.4 ],
							[ 2545061.9, 1139871.9 ],
							[ 2545930.8, 1139515.3 ],
							[ 2547502.8, 1139271.9 ],
							[ 2547789.2, 1139033.2 ],
							[ 2550063.6, 1138200.2 ],
							[ 2551288.6, 1138278.3 ],
							[ 2551665.1, 1137918.9 ],
							[ 2553191.5, 1137333.2 ],
							[ 2554582.5, 1137598.4 ],
							[ 2555145.7, 1137275.1 ],
							[ 2555294.1, 1137344.9 ],
							[ 2555214.5, 1137463.4 ],
							[ 2555246.2, 1137491.7 ],
							[ 2555344.6, 1137342.8 ],
							[ 2555347.5, 1137338.4 ],
							[ 2555475.9, 1137710.2 ],
							[ 2555255.8, 1138177.2 ],
							[ 2555439.5, 1138258.4 ]
						]
					]
				]
			},
			"properties" : {
				"SEENR" : 9757,
				"SEENAME" : "Lac Léman",
				"AREA_HA" : 57977,
				"E_CNTR" : 2530004,
				"N_CNTR" : 1141088,
				"E_MIN" : 2500386,
				"N_MIN" : 1117797,
				"E_MAX" : 2560963,
				"N_MAX" : 1152268,
				"REFDATE" : "20250101",
				"PUBDATE" : "20250131"
			}
		}
	]
}